Видеокарта,Цена,комплектация,область применения,объем видеопамяти,тип памяти,шина обмена с памятью,разъемы и интерфейсы,техпроцесс,тип подключения,TDP,разъем дополнительного питания,максимальное разрешение,количество поддерживаемых мониторов,поддержка технологий,особенности,частота памяти,частота видеопроцессора,SLI/NVLink/CrossFire
"Видеокарта GIGABYTE Radeon RX 6700 XT GAMING OC 12G (GV-R67XTGAMING OC-12GD), Retail",46390,Retail,игровая,12288 МБ,GDDR6,192 бит,"выход DisplayPort x 2, выход HDMI, выход HDMI x 2, интерфейс USB Type-C",7 нм,PCI Express 4.0,250 Вт,8 pin + 6 pin,7680x4320,4,,,,,
Видеокарта PNY RTX4080 16GB OC XLR8 Gaming Verto TF GDDR6X 256-bit HDMI DPx3,137337,,игровая,,GDDR6X,256 бит,"выход DisplayPort x 3, выход HDMI",5 нм,PCI Express 4.0,,16 pin,7680x4320,4,поддержка CUDA,,,,
"Видеокарта GIGABYTE AORUS GeForce RTX 4070 Ti MASTER 12G (GV-N407TAORUS M-12GD), Retail",99950,Retail,игровая,12288 МБ,GDDR6X,192 бит,"выход DisplayPort x 3, выход HDMI",4 нм,PCI Express 4.0,,16 pin,7680x4320,4,"поддержка CUDA, поддержка HDCP, поддержка Vulkan, поддержка трассировки лучей",необходимость дополнительного питания,21000 МГц,2670 МГц,
"Видеокарта KFA2 GeForce RTX 3060 Ti CORE, LHR, 36ISL6MD1VQK",38990,Retail,игровая,8192 МБ,GDDR6,256 бит,"выход DisplayPort x 3, выход HDMI",8 нм,PCI Express 4.0,,8 pin,7680x4320,4,поддержка трассировки лучей,Low Hash Rate,14000 МГц,1665 МГц,
Видеокарта Gigabyte Gaming GV-N306TXGAMING OC-8GD,47068,,,8192 МБ,GDDR6X,,,,PCI Express 4.0,,,,,,,,,
Видеокарта Sapphire Radeon HD 5750 700Mhz PCI-E 2.1 1024Mb 4600Mhz 128 bit DVI HDMI HDCP,1755,,,,,,,,,,,,,,,,,
Видеокарта Gigabyte RTX3060 WINDFORCE OC 12GB GDDR6 192-bit HDMIx2 DPx2,39770,"Видеокарта, диск с ПО, инструкция, кабель-адаптер (опция)",игровая,,GDDR6,192 бит,"выход DisplayPort x 2, выход HDMI x 2",,PCI Express 4.0,,8 pin,7680x4320,4,,,15000 МГц,1792 МГц,
Видеокарта Ninja R9 360 (768SP) (AHR936045F),8090,,игровая,4096 МБ,GDDR5,128 бит,"выход DVI, выход DisplayPort, выход HDMI",,PCI Express 3.0,,6 pin,4096x2160,3,,,4000 МГц,,
Видеокарта Gigabyte RTX3050 WINDFORCE OC 8GB GDDR6 128bit HDMI DP DVI-D (310691),32000,,игровая,,GDDR6,128 бит,,,,,,,,,,,,
"Видеокарта KFA2 GeForce GT 710 2GB (71GPF4HI00GK), Retail",4590,Retail,игровая,2048 МБ,GDDR3,64 бит,"выход DVI, выход HDMI, выход VGA",28 нм,PCI Express 2.0,19 Вт,,4096x2160,3,,,1600 МГц,954 МГц,
"Видеокарта GIGABYTE GeForce RTX 2060 D6 rev. 2.0 6G (GV-N2060D6-6GD rev. 2.0), Retail",28990,Retail,игровая,6144 МБ,GDDR6,192 бит,"выход DisplayPort, выход DisplayPort x 3, выход HDMI",12 нм,PCI Express 3.0,,8 pin,7680x4320,4,,,14000 МГц,1680 МГц,
Видеокарта Palit GeForce RTX 3080 GameRock 10 ГБ LHR,78990,Retail,игровая,10240 МБ,GDDR6X,320 бит,"выход DisplayPort x 3, выход HDMI",8 нм,PCI Express 2.0,,8 pin+8 pin+8 pin,7680x4320,4,поддержка трассировки лучей,,19000 МГц,1440 МГц,
"Видеокарта GIGABYTE GeForce RTX 3080 GAMING OC 12G (GV-N3080GAMING OC-12GD), Retail",99500,Retail,игровая,12288 МБ,GDDR6X,320 бит,"выход DisplayPort x 3, выход HDMI",8 нм,PCI Express 4.0,350 Вт,8 pin + 8 pin,7680x4320,4,"поддержка CUDA, поддержка HDCP, поддержка Vulkan, поддержка трассировки лучей",необходимость дополнительного питания,19000 МГц,1710 МГц,
"Видеокарта Palit GeForce 210 1GB (NEAG2100HD06-1196F), Retail",2750,Retail,игровая,1024 МБ,GDDR3,64 бит,"выход DVI, выход HDMI, выход VGA",40 нм,PCI Express 2.0,,,2560x1600,2,,,1000 МГц,589 МГц,
Видеокарта Sapphire AMD Radeon RX 7900 XT 20GB (21323-01-20G),102406,,игровая,20000 МБ,GDDR6,320 бит,"выход DisplayPort x 2, выход HDMI, интерфейс USB Type-C",5 нм,PCI Express 4.0,,8 pin + 8 pin,7680x4320,4,"поддержка Vulkan, поддержка трассировки лучей",необходимость дополнительного питания,,2000 МГц,
"Видеокарта AFOX GeForce GTX 750 2GB, AF750-2048D5H6-V3, Retail",8137,Retail,игровая,2048 МБ,GDDR5,128 бит,"выход DVI, выход DisplayPort, выход HDMI",28 нм,PCI Express 3.0,69 Вт,6 pin,4096x2160,3,"поддержка CUDA, поддержка HDCP, поддержка Vulkan",необходимость дополнительного питания,5000 МГц,1076 МГц,
"Видеокарта PNY Quadro RTX 8000 48GB (VCQRTX8000), Retail",603820,Retail,профессиональная,49152 МБ,GDDR6,384 бит,"выход DisplayPort x 4, интерфейс USB Type-C",12 нм,PCI Express 3.0,295 Вт,8 pin + 6 pin,7680x4320,4,,,14000 МГц,1395 МГц,
"Видеокарта MSI GeForce RTX 3070 Ti VENTUS 3X 8G OC, Retail",142990,Retail,игровая,8192 МБ,GDDR6X,256 бит,"выход DisplayPort x 3, выход HDMI, интерфейс USB Type-C",8 нм,PCI Express 4.0,290 Вт,8 pin + 8 pin,7680x4320,4,,,19000 МГц,1800 МГц,
"Видеокарта Sapphire NITRO+ RX 7900 XT GAMING OC VAPOR-X 20480 МБ, RET (11323-01-40g)",106558,,,20480 МБ,GDDR6,320 бит,,,,,,,,,,,,
"Видеокарта GIGABYTE GeForce GTX 1650 OC 4G, GV-N1650OC-4GD, Retail",23664,Retail,игровая,4096 МБ,GDDR5,128 бит,"выход DisplayPort, выход HDMI, выход HDMI x 2, PCI-E",12 нм,PCI Express 3.0,75 Вт,,7680x4320,3,"поддержка CUDA, поддержка HDCP, поддержка Vulkan",,8002 МГц,1710 МГц,
Видеокарта Ninja GTX1650 NK165DF46F PCIE (896SP) 4G 128BIT GDDR6 (DVI/HDMI/DP) TU117,14690,Retail,,,GDDR6,,выход DisplayPort,,,,,7680x4320,,,,,,
"Видеокарта Palit GeForce RTX 3050 Dual OC 8Gb, NE63050T19P1-190AD, Retail",31020,Retail,игровая,8192 МБ,GDDR6,128 бит,"выход DisplayPort x 3, выход HDMI",8 нм,PCI Express 4.0,140 Вт,8 pin,7680x4320,4,"поддержка CUDA, поддержка HDCP, поддержка Vulkan, поддержка трассировки лучей","Low Hash Rate, необходимость дополнительного питания",14000 МГц,1822 МГц,
"Видеокарта MSI GeForce GT 730 4GB (N730K-4GD3/OCV1), Retail",7799,Retail,игровая,4096 МБ,GDDR3,64 бит,"выход DVI, выход HDMI, выход VGA",40 нм,PCI Express 2.0,,,2560x1600,3,"поддержка CUDA, поддержка HDCP",,1600 МГц,1006 МГц,
"Видеокарта INNO3D GEFORCE RTX 4070 Ti X3 OC (N407T3-126XX-186148N), Retail",82700,Retail,игровая,12288 МБ,GDDR6X,192 бит,"выход DisplayPort x 3, выход HDMI",5 нм,PCI Express 4.0,,8 pin + 8 pin,7680x4320,4,"поддержка CUDA, поддержка HDCP, поддержка трассировки лучей",необходимость дополнительного питания,21000 МГц,2310 МГц,
"Видеокарта ZOTAC GeForce GT 730 2GB Zone Edition (ZT-71113-20L), Retail",5539,Retail,игровая,2048 МБ,GDDR3,64 бит,"выход DVI, выход HDMI, выход VGA",40 нм,PCI Express 2.0,23 Вт,,4096x2160,3,,пассивное охлаждение,1600 МГц,902 МГц,
Видеокарта Palit GeForce GTX 1050 Ti 1290Mhz PCI-E 3.0 4096Mb 7000Mhz 128 bit DVI HDMI HDCP StormX,20210,,игровая,4096 МБ,GDDR5,128 бит,"выход DVI, выход HDMI",,PCI Express 3.0,,,,,,,7000 МГц,1290 МГц,
Видеокарта MAXSUN GeForce RTX 3070 8 ГБ 256-bit GDDR6 HDMIx1/DPx3 (RTX3070 iCraft OC 8G T0C),57885,,,8192 МБ,GDDR6,256 бит,выход HDMI,,PCI Express 4.0,,,,,,,,1500 МГц,
"Видеокарта Palit NVIDIA CMP 30HX 6GB (NE630HX017J9-1160X), Bulk",18821,Bulk,,6144 МБ,GDDR6,192 бит,,12 нм,PCI Express 3.0,125 Вт,8 pin,,не поддерживается,"поддержка CUDA, поддержка Vulkan",необходимость дополнительного питания,14000 МГц,1785 МГц,
"Видеокарта GIGABYTE GeForce GT 1030 Low Profile D4 2G (GV-N1030D4-2GL), Retail",8245,Retail,игровая,2048 МБ,GDDR4,64 бит,"выход DVI, выход HDMI, PCI-E",14 нм,PCI Express 3.0,,,4096x2160,2,,,2100 МГц,1151 МГц,
Видеокарта 6 Gb Asus GeForce GTX1660 Ti TUF Gaming EVO O6G (TUF-GTX1660TI-O6G-EVO-GAMING),28800,Retail,игровая,6144 МБ,GDDR5,192 бит,выход DisplayPort,12 нм,PCI Express 3.0,,8 pin,7680x4320,4,,,,1500 МГц,
"Видеокарта ASUS ROG Strix Radeon RX 6700 XT Gaming 12GB (ROG-STRIX-RX6700XT-O12G-GAMING), Retail",60800,Retail,,12288 МБ,GDDR6,192 бит,"выход DisplayPort, выход DisplayPort x 3, выход HDMI, интерфейс USB Type-C, PCI-E",7 нм,PCI Express 4.0,230 Вт,8 pin + 8 pin,7680x4320,4,,,16000 МГц,2548 МГц,
"Видеокарта Matrox M9120 PCI-E 512Mb 128 bit 2xDVI, Retail",23985,Retail,игровая,512 МБ,GDDR2,128 бит,выход DVI x 2,,,,,2048x1536,2,,,,,
Видеокарта FirePro V5700 (V5700),10490,,профессиональная,,,,,,PCI-E 16x,,,,,,,,,
Видеокарта Gigabyte RTX4090 AERO OC 24GB GDDR6X 384-bit HDMI 3xDP RTL,182052,"Видеокарта, диск с ПО (опция), инструкция, кабель-переходник питания, кронштейн",игровая,,GDDR6X,384 бит,"выход DisplayPort x 3, выход HDMI",4 нм,PCI Express 4.0,,16 pin,7680x4320,4,,,21000 МГц,2535 МГц,
"Видеокарта GIGABYTE GeForce RTX 4070 EAGLE OC 12G (GV-N4070EAGLE OC-12GD), Retail",73646,Retail,игровая,12288 МБ,GDDR6X,192 бит,"выход DisplayPort x 3, выход HDMI",,PCI Express 4.0,,8 pin,7680x4320,4,"поддержка CUDA, поддержка HDCP, поддержка Vulkan, поддержка трассировки лучей",необходимость дополнительного питания,21000 МГц,2505 МГц,
Видеокарта Palit PCI-E PA-GT1030 2GD4 nVidia GeForce GT 1030 2048Mb 64bit DDR4 1151/2100 DVIx1/HDMIx1/HDCP (ОЕМ),5490,,игровая,2048 МБ,GDDR4,64 бит,"выход DVI, выход HDMI",,,,,4096x2160,2,,,,,
Видеокарта 4.0 Гб HIS Radeon RX 580 IceQ X2 [HS-580R4LC],8900,OEM,,4096 МБ,GDDR5,256 бит,выход DisplayPort x 3,,PCI Express 3.0,,8 pin,5120x2880,5,,,,,
Видеокарта ASUS DUAL-RTX2060-O12G-EVO,34600,Retail,игровая,12288 МБ,GDDR6,192 бит,"выход DVI, выход HDMI",12 нм,PCI Express 3.0,160 Вт,8 pin,4096x2160,4,поддержка CUDA,необходимость дополнительного питания,14000 МГц,1365 МГц,
Видеокарты GIGABYTE Видеокарта Gigabyte PCI-E 4.0 GV-N3070EAGLE-8GD 2.0 LHR NVIDIA GeForce RTX 3070 8192Mb 256 GDDR6 1725/14000 HDMIx2 DPx2 HDCP Ret,54678,,игровая,8192 МБ,GDDR6,256 бит,"выход DisplayPort x 2, выход HDMI x 2",8 нм,PCI Express 4.0,240 Вт,8 pin + 6 pin,7680x4320,4,,,,,
"Видеокарта EVGA GeForce RTX 3090 Ti FTW3 Black Gaming 24GB (24G-P5-4981-KR), Retail",179990,Retail,игровая,24576 МБ,GDDR6X,384 бит,"выход DisplayPort x 3, выход HDMI",,PCI Express 4.0,450 Вт,16 pin,7680x4320,4,"поддержка CUDA, поддержка HDCP, поддержка Vulkan, поддержка трассировки лучей",необходимость дополнительного питания,21000 МГц,1860 МГц,поддержка NVLink
Видеокарта Gigabyte RTX4080 AORUS XTREME WATERFORCE WB 16GB GDDR6X 256bit HDMI 3xDP RTL 5 (311858),146099,,,,GDDR6X,,выход HDMI,,,,,,,,,,,
"Видеокарта Sapphire PULSE Radeon RX 6800 Gaming 16 GB (11305-02-20G), Retail",55300,Retail,игровая,16384 МБ,GDDR6,256 бит,"выход DisplayPort x 3, выход HDMI, интерфейс USB Type-C",7 нм,PCI Express 4.0,280 Вт,8 pin + 8 pin,7680x4320,4,,,16000 МГц,1950 МГц,
"Видеокарта GIGABYTE GeForce RTX 4070 Ti WINDFORCE OC 12G (GV-N407TWF3OC-12GD), Retail",87749,Retail,игровая,12288 МБ,GDDR6X,192 бит,"выход DisplayPort x 3, выход HDMI",4 нм,PCI Express 4.0,,16 pin,7680x4320,4,"поддержка CUDA, поддержка HDCP",необходимость дополнительного питания,21000 МГц,2625 МГц,
Видеокарта ZOTAC GAMING GeForce RTX 3050 AMP 8GB GDDR6 (ZT-A30500F-10M),28718,Retail,игровая,8192 МБ,GDDR6,128 бит,"выход DisplayPort x 3, выход HDMI",8 нм,PCI Express 4.0,,,7680x4320,3,,,14000 МГц,1830 МГц,
Видеокарта ZOTAC GeForce RTX 2060 SUPER 8 ГБ God Of War KyberPunk Call Of Duty RDR 2 Evil West,21790,,игровая,8192 МБ,GDDR6,192 бит,,12 нм,PCI Express 3.0,,,7680x4320,,,,,,
Видеокарта ASUS TUF Gaming GeForce RTX 3070 Ti OC Edition 8GB (TUF-RTX3070TI-O8G-V2-GAMING),68990,Retail,игровая,8192 МБ,GDDR6X,256 бит,"выход DisplayPort x 3, выход HDMI, выход HDMI x 2",8 нм,PCI Express 4.0,,,7680x4320,4,,,19000 МГц,1785 МГц,
"Видеокарта INNO3D GeForce GTX 1060 1506MHz PCI-E 3.0 6144MB 8000MHz 192 bit DVI HDMI DisplayPort HDCP Compact, Retail",10284,Retail,игровая,6144 МБ,GDDR5,192 бит,"выход DVI, выход DisplayPort, выход HDMI",16 нм,PCI Express 3.0,,6 pin,7680x4320,3,,,8000 МГц,1506 МГц,
"Видеокарта Palit GeForce GTX 1050 Ti StormX 4GB (NE5105T018G1-1076F), Retail",16860,Retail,игровая,4096 МБ,GDDR5,128 бит,"выход DVI, выход DisplayPort, выход HDMI, PCI-E",14 нм,PCI Express 3.0,75 Вт,,4096x2160,3,,,7000 МГц,1290 МГц,
"Видеокарта AFOX GeForce GTX 750 2GB (AF750-2048D5L4-V2), Retail",7690,Retail,игровая,2048 МБ,GDDR5,128 бит,"выход DVI, выход HDMI, выход VGA",28 нм,PCI Express 3.0,,,4096x2160,3,,,5000 МГц,1020 МГц,
"Видеокарта ZOTAC GAMING GeForce RTX 3050 Twin Edge OC 8Gb (ZT-A30500H-10M), Retail",30361,Retail,игровая,8192 МБ,GDDR5X,128 бит,"выход DisplayPort x 3, выход HDMI",,PCI Express 4.0,130 Вт,8 pin,7680x4320,4,"поддержка CUDA, поддержка HDCP, поддержка трассировки лучей",необходимость дополнительного питания,14000 МГц,1807 МГц,
"Видеокарта GIGABYTE GeForce RTX 4080 16GB EAGLE (GV-N4080EAGLE-16GD), Retail",106530,Retail,игровая,16384 МБ,GDDR6X,256 бит,"выход DisplayPort x 3, выход HDMI",,PCI Express 4.0,,16 pin,7680x4320,4,"поддержка CUDA, поддержка HDCP, поддержка трассировки лучей",необходимость дополнительного питания,22400 МГц,2505 МГц,
"Видеокарта MSI GeForce GT 730 2GB (N730K-2GD3H/LP), Retail",11882,Retail,,2048 МБ,GDDR3,64 бит,"выход DVI, выход HDMI, выход VGA",40 нм,PCI Express 2.0,23 Вт,,4096x2160,3,поддержка HDCP,"низкопрофильная карта (Low Profile), пассивное охлаждение",1600 МГц,902 МГц,
Видеокарта Gigabyte RTX3060Ti 8GB GDDR6 256bit 2xHDMI 2xDP RTL (20) (311186),41880,"Видеокарта, инструкция, диск с ПО",игровая,8192 МБ,GDDR6,256 бит,"выход DisplayPort, выход DisplayPort x 2, выход HDMI, выход HDMI x 2",8 нм,PCI Express 4.0,,8 pin,7680x4320,4,,,14000 МГц,1680 МГц,
"Видеокарта MSI GeForce GTX 1050 TI 4G OCV1, Retail",12500,Retail,игровая,4096 МБ,GDDR5,128 бит,"выход DVI, выход DisplayPort, выход HDMI",14 нм,PCI Express 3.0,75 Вт,,7680x4320,3,,,7008 МГц,1341 МГц,
Видеокарта MSI Radeon RX 570 1268Mhz PCI-E 3.0 4096Mb 7000Mhz 256 bit DVI HDMI 3xDisplayPort HDCP Ar,11240,,,,GDDR5,128 бит,,,,,,,,,,,,
Видеокарта PCI-e nVidia GeForce 8800 GTS 512Mb GDDR3 256bit Asus,2090,OEM,,512 МБ,GDDR3,256 бит,,,PCI Express 2.0,,,,2,,,,,
"Видеокарта GIGABYTE GeForce RTX 2060 D6 6G (GV-N2060D6-6GD), Retail",19990,Retail,игровая,6144 МБ,GDDR6,192 бит,"выход DisplayPort x 3, выход HDMI, интерфейс USB Type-C",12 нм,PCI Express 3.0,160 Вт,8 pin,7680x4320,4,"поддержка CUDA, поддержка HDCP, поддержка Vulkan, поддержка трассировки лучей",необходимость дополнительного питания,14000 МГц,1680 МГц,
PALIT Видеокарта Palit PCI-E 4.0 PA-RTX4080 GAMEROCK OC NVIDIA GeForce RTX 4080 16384Mb 256 GDDR6X 2205/22400 HDMIx1 DPx3 HDCP Ret NED4080S19T2-1030G,111000,,игровая,16384 МБ,GDDR6X,,выход HDMI,,,,,,,,,,,
"Видеокарта ASUS TUF Gaming GeForce RTX 3070 Ti 8GB (TUF-RTX3070TI-8G-GAMING), Retail",77692,Retail,игровая,8192 МБ,GDDR6X,256 бит,"выход DisplayPort x 3, выход HDMI x 2",8 нм,PCI Express 4.0,290 Вт,8 pin + 8 pin,7680x4320,4,"поддержка CUDA, поддержка Vulkan, поддержка трассировки лучей",,19000 МГц,1770 МГц,поддержка SLI/CrossFire
Видеокарта 16Gb PCI-E GDDR6 RADEON RX 6900X PowerColor AXRX 6900XT 16GBD6-3DHE/OC HDMI+3xDP,61000,,,,,,,,,,,,,,,,,
"Видеокарта Colorful GeForce RTX 3060 Battle-Ax NB DUO 8GB (RTX 3060 NB DUO 8GB-V), Retail",30000,Retail,игровая,8192 МБ,GDDR6,192 бит,,8 нм,PCI Express 4.0,,8 pin,7680x4320,4,поддержка CUDA,,15000 МГц,1320 МГц,
Видеокарта Gigabyte RX7900XTX GAMING OC 24GB GDDR6 384-bit HDMIx2 DPx2,118261,,игровая,24000 МБ,GDDR6,384 бит,"выход DisplayPort x 2, выход HDMI x 2",,PCI Express 4.0,,8 pin + 8 pin,7680x4320,4,,,,2330 МГц,
"Видеокарта Gainward GeForce RTX 3080 Ti 12 ГБ (gainward-palit 3080 Ti 12 Gb XG OC), rev. 2.0 (LHR)",75900,Retail,игровая,12288 МБ,GDDR6X,384 бит,"выход DisplayPort x 3, выход HDMI",,PCI Express 4.0,350 Вт,8 pin + 8 pin,7680x4320,2,поддержка трассировки лучей,Low Hash Rate,19000 МГц,1665 МГц,
"Видеокарта ASUS Dual GeForce RTX 3050 8GB (DUAL-RTX3050-8G), Retail",27915,Retail,игровая,8192 МБ,GDDR6,128 бит,"выход DisplayPort x 3, выход HDMI",,PCI Express 4.0,,8 pin,7680x4320,4,"поддержка CUDA, поддержка HDCP, поддержка трассировки лучей",необходимость дополнительного питания,,,
"Видеокарта AFOX GeForce GTX 750 Ti 4GB (AF750TI-4096D5H1-V2), Retail",10590,Retail,,4096 МБ,GDDR5,128 бит,"выход DVI, выход DisplayPort, выход HDMI",28 нм,PCI Express 3.0,,,2560x1600,3,поддержка HDCP,,5400 МГц,1020 МГц,
"Видеокарта AFOX GeForce GT 1030 2048Mb (AF1030-2048D5L5-V3), Retail",7490,Retail,игровая,2048 МБ,GDDR5,64 бит,"выход DisplayPort, выход HDMI",14 нм,PCI Express 3.0,,,3840x2160,2,,,6000 МГц,1227 МГц,
"Видеокарта EVGA GeForce RTX 2060 SC OC 70C Gaming 6GB (06G-P4-2062-KR), Retail",24800,Retail,игровая,6144 МБ,GDDR6,192 бит,"выход DVI, выход DisplayPort, выход HDMI",12 нм,PCI Express 3.0,160 Вт,8 pin,7680x4320,3,"поддержка CUDA, поддержка HDCP, поддержка Vulkan, поддержка трассировки лучей",,14000 МГц,1365 МГц,
"Видеокарта GIGABYTE GeForce GT 630 810Mhz PCI-E 2.0 2048Mb 1600Mhz 128 bit DVI HDMI HDCP, Ресейл",6500,,,2048 МБ,GDDR3,128 бит,выход HDMI,40 нм,PCI Express 2.0,,,2560x1600,2,,,1600 МГц,810 МГц,
"Видеокарта Palit GeForce RTX 3080 GameRock 12GB (NED3080019KB-1020G), Retail",96060,Retail,игровая,12288 МБ,GDDR6X,320 бит,"выход DisplayPort x 3, выход HDMI",8 нм,PCI Express 4.0,350 Вт,8 pin+8 pin+8 pin,7680x4320,4,"поддержка CUDA, поддержка HDCP, поддержка Vulkan, поддержка трассировки лучей","Low Hash Rate, необходимость дополнительного питания",19000 МГц,1710 МГц,
"Видеокарта Biostar Radeon RX 6700 XT OC 12 ГБ (VA67S6TML9), Retail",38166,Retail,игровая,12288 МБ,GDDR6,192 бит,"выход DisplayPort x 3, выход HDMI",7 нм,PCI Express 4.0,180 Вт,8 pin + 6 pin,7680x4320,4,поддержка трассировки лучей,OC,16000 МГц,2330 МГц,
"Видеокарта ASUS RTX 4080 TUF OC 16GB (90YV0IB0-M0NA00), Retail",119990,Retail,игровая,16384 МБ,GDDR6X,256 бит,"выход DisplayPort x 3, выход HDMI x 2",4 нм,PCI Express 4.0,320 Вт,16 pin,7680x4320,4,"поддержка CUDA, поддержка HDCP",необходимость дополнительного питания,22400 МГц,2625 МГц,
Видеокарта ASUS TUF-GTX1650-O4GD6-P-V2-GAMING (90YV0GX2-M0NA00),20783,Retail,,,GDDR6,128 бит,"выход DVI, выход DisplayPort, выход HDMI",,PCI Express 3.0,,6 pin,7680x4320,3,,,12000 МГц,1410 МГц,
"Видеокарта Sinotex Ninja RTX 3060 12GB (NK306F126F), Retail",33477,Retail,игровая,12288 МБ,GDDR6,192 бит,"выход DisplayPort x 3, выход HDMI",8 нм,PCI Express 4.0,,8 pin,7680x4320,4,"поддержка CUDA, поддержка HDCP, поддержка Vulkan",необходимость дополнительного питания,15000 МГц,1320 МГц,
Видеокарта Palit GeForce GT 1030 NEC103000646-1082F PCI-E 2048Mb 64 Bit OEM,12198,,игровая,2048 МБ,GDDR4,64 бит,"выход DVI, выход HDMI",,PCI Express 3.0,,,4096x2160,2,,,,1151 МГц,
"Видеокарта MSI GeForce RTX 4070 Ti VENTUS 3X 12GB OC, Retail",93920,Retail,игровая,12288 МБ,GDDR6X,192 бит,"выход DisplayPort x 3, выход HDMI",4 нм,PCI Express 4.0,285 Вт,16 pin,7680x4320,4,"поддержка CUDA, поддержка HDCP, поддержка Vulkan, поддержка трассировки лучей",необходимость дополнительного питания,21000 МГц,2655 МГц,
Видеокарта MSI PCI-E 4.0 RTX 4080 16GB VENTUS 3X OC NVIDIA GeForce RTX 4080 16384Mb 256 GDDR6X 2535/22400 HDMIx1 DPx3 HDCP Ret,125202,Retail,игровая,16384 МБ,GDDR6X,256 бит,"выход DisplayPort x 3, выход HDMI",4 нм,PCI Express 4.0,320 Вт,16 pin,7680x4320,4,"поддержка CUDA, поддержка HDCP, поддержка Vulkan, поддержка трассировки лучей",необходимость дополнительного питания,22400 МГц,2535 МГц,
"Видеокарта GIGABYTE AORUS Radeon RX 7900 XTX ELITE 24G (GV-R79XTXAORUS E-24GD), Retail",113436,Retail,профессиональная,24576 МБ,GDDR6X,384 бит,"выход DisplayPort x 2, выход HDMI x 2",5 нм,PCI Express 4.0,,8 pin+8 pin+8 pin,7680x4320,4,"поддержка CUDA, поддержка HDCP, поддержка Vulkan, поддержка трассировки лучей",необходимость дополнительного питания,20000 МГц,2510 МГц,
"Видеокарта GIGABYTE GeForce GTX 1080 Ti 1506MHz PCI-E 3.0 11264MB 11010MHz 352 bit HDMI HDCP Turbo, OEM",21800,OEM,игровая,11264 МБ,GDDR5X,352 бит,"выход DisplayPort x 3, выход HDMI",16 нм,PCI Express 3.0,250 Вт,8 pin + 6 pin,7680x4320,4,,,11010 МГц,1506 МГц,поддержка SLI/CrossFire
Видеокарта XFX SWFT319 AMD RX 6900XT CORE 16GB GDDR6 256bit HDMI 3xDP (RX-69XTAQFD9) RTL,75100,,игровая,16384 МБ,GDDR6,256 бит,"выход DisplayPort x 3, выход HDMI",7 нм,PCI Express 4.0,,8 pin + 8 pin,4096x2160,,,,16000 МГц,,
"Видеокарта INNO3D GeForce GTX 1650 TWIN X2 OC V2 4GB (N16502-04D6X-1720VA30), Retail",16777,Retail,,4096 МБ,GDDR6,128 бит,"выход DVI, выход DisplayPort, выход HDMI",12 нм,PCI Express 3.0,75 Вт,6 pin,7680x4320,3,,,12000 МГц,1635 МГц,
Видеокарта PowerColor Radeon HD 5450 650Mhz PCI-E 2.1 512Mb 1334Mhz 64 bit DVI HDMI HDCP,1404,,,,,,,,,,,,,,,,,
"Видеокарта INNO3D GeForce RTX 3060 Ti TWIN X2 OC LHR 8Gb (N306T2-08D6X-119032DH), Retail",42833,Retail,игровая,8192 МБ,GDDR6,256 бит,"выход DisplayPort x 3, выход HDMI",8 нм,PCI Express 4.0,240 Вт,8 pin,7680x4320,4,,,14000 МГц,1680 МГц,
"Видеокарта AFOX GeForce GT 710 1GB (AF710-1024D3L5-V3), Retail",3490,Retail,,1024 МБ,GDDR3,64 бит,,,PCI Express 2.0,,,4096x2160,2,,,,954 МГц,
Видеокарта Gigabyte Radeon HD 5770 1Gb,3500,,,1024 МБ,GDDR5,,выход HDMI,40 нм,,,,2560x1600,3,,,4800 МГц,850 МГц,
"Видеокарта ASUS GeForce RTX 2060 Dual EVO 12Gb, Retail",65080,Retail,игровая,12288 МБ,GDDR6,192 бит,"выход DVI, выход DisplayPort, выход HDMI x 2",12 нм,PCI Express 3.0,,8 pin,7680x4320,4,"поддержка CUDA, поддержка HDCP, поддержка Vulkan, поддержка трассировки лучей",,14000 МГц,1680 МГц,
Видеокарта Sapphire VAPOR-X radeon hd 5770 1GB DDR5,3750,,,1024 МБ,GDDR5,128 бит,выход DisplayPort,40 нм,,,6 pin,2560x1600,,,,,,
Видеокарта Sapphire RX7900XTX GAMING OC 24GB GDDR6 HDMIx2 DPx2 LITE,114685,,игровая,24576 МБ,GDDR6,384 бит,"выход DisplayPort x 2, выход HDMI x 2",5 нм,PCI Express 4.0,,8 pin+8 pin+8 pin,7680x4320,4,,,,2330 МГц,
"Видеокарта GIGABYTE GeForce GTX 1650 D6 4G (rev. 1.0) (GV-N1656D6-4GD), Retail",17565,Retail,игровая,4096 МБ,GDDR6,128 бит,выход DVI,12 нм,PCI Express 3.0,,,,3,,,,,
"Видеокарта GIGABYTE GeForce RTX 3070 EAGLE 8G (GV-N3070EAGLE-8GD rev. 1.0), Retail",55395,Retail,игровая,8192 МБ,GDDR6,256 бит,"выход DisplayPort x 2, выход HDMI x 2, интерфейс USB Type-C",8 нм,PCI Express 4.0,220 Вт,8 pin + 6 pin,7680x4320,4,,,14000 МГц,1725 МГц,
"Видеокарта INNO3D GeForce RTX 2060 SUPER TWIN X2 OC 8GB (N206S2-08D6X-1710VA15L), Retail",27490,Retail,игровая,8192 МБ,GDDR6,256 бит,"выход DisplayPort x 3, выход HDMI",12 нм,PCI Express 3.0,,8 pin,7680x4320,4,поддержка CUDA,,14000 МГц,1665 МГц,
Видеокарта Radeon HD 6870 1Gb,3990,,,1024 МБ,GDDR5,,выход Mini DisplayPort x 2,,,,,,,,,4480 МГц,920 МГц,
Видеокарта Gigabyte A310 WINDFORCE 4GB (311230),13193,,профессиональная,4096 МБ,GDDR6,64 бит,"выход DisplayPort x 2, выход HDMI x 2",6 нм,,,,7680x4320,4,поддержка трассировки лучей,,15500 МГц,2000 МГц,
"Видеокарта MSI GeForce RTX 3050 GAMING 8G, Retail",39334,Retail,игровая,8192 МБ,GDDR6,128 бит,"выход DisplayPort x 3, выход HDMI",,PCI Express 4.0,130 Вт,8 pin,7680x4320,4,"поддержка CUDA, поддержка HDCP, поддержка трассировки лучей",необходимость дополнительного питания,14000 МГц,,
Видеокарта Sapphire 8 ГБ (RX 6600 8GB),27637,,игровая,8192 МБ,GDDR6,,,,,,8 pin,,,,,,,
Видеокарта Gigabyte INTEL ARC A310 4096Mb 64 GDDR6 Ret (GV-IA310WF2-4GD),19206,,,,GDDR6,64 бит,,,,,,,,,,,,
"Видеокарта PNY RTX3060 12GB VERTO Dual Fan GDDR6 192bit 1x HDMI, 3x DisplayPort, PCIE4.0, LHR, RTL (VCG306012DFBPB1) (453541)",40808,,игровая,12288 МБ,GDDR6,192 бит,"выход DisplayPort x 3, выход HDMI",8 нм,PCI Express 4.0,,8 pin,7680x4320,4,поддержка CUDA,,15000 МГц,,
"Видеокарта Colorful RTX 4070 Ti Advanced OC-V, Retail",95038,Retail,игровая,12288 МБ,GDDR6X,192 бит,"выход DisplayPort x 3, выход HDMI",4 нм,PCI Express 4.0,310 Вт,16 pin,7680x4320,4,"поддержка CUDA, поддержка HDCP",необходимость дополнительного питания,21000 МГц,2760 МГц,
"Видеокарта Afox GT610 2GB DDR3 64BIT, LP Single fan (AF610-2048D3L7-V6)",3709,Retail,игровая,2048 МБ,GDDR3,64 бит,"выход DVI, выход HDMI, выход VGA",40 нм,PCI Express 3.0,29 Вт,,2560x1600,3,"поддержка CUDA, поддержка HDCP",низкопрофильная карта (Low Profile),1333 МГц,810 МГц,
Видеокарта MSI PCI-E nVidia GeForce RTX 3060TI 8Gb GAMING Z TRIO LHR RTL (RTX 3060 TI GAMING Z TRIO 8G LHR),67152,,игровая,8192 МБ,GDDR6,256,PCI-E 4.0,,,,,,,,,,1845 МГц,
Видеокарта MSI Radeon RX 6500XT 4Gb (602-V508-05S),19158,,,,GDDR6,64 бит,,,,,,,,,,,,
Видеокарта Jieshuo Radeon RX580 / 8GB GDDR5 / 256bit GPU / Gaming / Игровая,14850,Retail,игровая,8192 МБ,GDDR5,256 бит,"выход DisplayPort x 3, выход HDMI x 2",14 нм,PCI Express 3.0,,8 pin,4096x2160,,,,,1284 МГц,
Видеокарта 8Gb PCI-E RADEON RX 580 GDDR5 GIGABYTE GV-RX580GAMING-8GD Rev2.0 HDMI+3xDP,12400,,,8192 МБ,GDDR5,,выход HDMI,,,,,,,,,,,
Видеокарта PowerColor AMD Radeon RX 6400 ITX (AXRX 6400 4GBD6-DH),18435,,игровая,4096 МБ,GDDR6,64 бит,"выход DisplayPort, выход HDMI",6 нм,PCI Express 4.0,,,7680x4320,2,,,16000 МГц,1923 МГц,
"Видеокарта NVIDIA GeForce RTX 4090 24Gb, Retail",245700,Retail,игровая,24576 МБ,GDDR6X,384 бит,"выход DisplayPort x 3, выход HDMI",,PCI Express 4.0,450 Вт,16 pin,7680x4320,4,"поддержка CUDA, поддержка HDCP, поддержка Vulkan, поддержка трассировки лучей",необходимость дополнительного питания,21000 МГц,2520 МГц,
"Видеокарта MSI GeForce RTX 3060 VENTUS 3X 12G, Retail",39990,Retail,игровая,12288 МБ,GDDR6,192 бит,"выход DisplayPort x 3, выход HDMI",8 нм,PCI Express 4.0,170 Вт,8 pin,7680x4320,4,,,15000 МГц,1777 МГц,
Видеокарта PCIE16 QUADRO RTX4000 8GB 900-5G160-2550-000 NVIDIA,130043,,профессиональная,8192 МБ,GDDR6,256 бит,"выход DisplayPort x 3, выход HDMI, интерфейс USB Type-C",12 нм,PCI Express 3.0,,,7680x4320,,поддержка трассировки лучей,,13000 МГц,1215 МГц,
Видеокарта 8 Gb Gigabyte GeForce RTX3070 EAGLE (GV-N3070EAGLE-8GD 2.0),58353,,игровая,8192 МБ,GDDR6,256 бит,"выход DisplayPort x 2, выход HDMI x 2",8 нм,PCI Express 4.0,,8 pin + 6 pin,7680x4320,4,,,14000 МГц,1725 МГц,
Видеокарта Gigabyte RTX4080 AERO 16GB GDDR6X 256bit HDMI 3xDP RTL (311513),134086,,игровая,,GDDR6X,256 бит,"выход DisplayPort, выход HDMI",,PCI Express 4.0,,,7680x4320,4,,,22400 МГц,2210 МГц,
"Видеокарта Sapphire NITRO+ Radeon RX 6900 XT 16GB (11308-01-20G), Retail",150578,Retail,игровая,16384 МБ,GDDR6,256 бит,"выход DisplayPort x 3, выход HDMI",7 нм,PCI Express 4.0,340 Вт,8 pin + 8 pin,7680x4320,4,"поддержка HDCP, поддержка Vulkan, поддержка трассировки лучей",необходимость дополнительного питания,16000 МГц,1875 МГц,
Видеокарта Palit RTX4070Ti GAMINGPRO OC 12GB GDDR6X 192bit 3-DP HDMI RTL9,91168,Retail,игровая,12000 МБ,GDDR6X,192 бит,"выход DisplayPort, выход HDMI",,PCI Express 4.0,285 Вт,16 pin,7680x4320,4,NVIDIA CUDA,,21000 МГц,2310 МГц,
Видеокарта Palit GeForce GT 440 780Mhz PCI-E 2.0 1024Mb 1600Mhz 128 bit DVI HDMI HDCP,2990,,,1024 МБ,GDDR3,128 бит,выход HDMI,40 нм,,,,2560x1600,2,,,1600 МГц,780 МГц,
Palit RTX3050 DUAL 8GB GDDR6 128bit DVI HDMI DP (243703) NE63050018P1-1070D,26724,,,,GDDR6,128 бит,,,,,,,,,,,,
Видеокарты ASUS Видеокарта Asus PCI-E GT730-2GD3-BRK-EVO NVIDIA GeForce GT 730 2048Mb 64 DDR3 902/1800 DVIx1 HDMIx1 CRTx1 HDCP Ret,13583,,,2048 МБ,DDR3,,выход HDMI,,,,,,,,,,902 МГц,
Видеокарта COLORFUL RTX 3060 TI 8ГБ (GeForce RTX 3060 Ti 8ГБ DUO V2 LHR) RTL,39950,Retail,игровая,8192 МБ,GDDR6,256 бит,"выход DisplayPort x 3, выход HDMI",8 нм,PCI Express 4.0,200 Вт,8 pin,7680x4320,4,"поддержка CUDA, поддержка HDCP, поддержка Vulkan, поддержка трассировки лучей",Low Hash Rate,19000 МГц,1410 МГц,
"Видеокарта ASUS Phoenix GeForce GTX 1660 SUPER OC 6GB, PH-GTX1660S-O6G, Retail",22222,Retail,игровая,6144 МБ,GDDR6,192 бит,"выход DVI, выход DisplayPort, выход HDMI, DVI-D, PCI-E",12 нм,PCI Express 3.0,125 Вт,8 pin,7680x4320,3,"поддержка CUDA, поддержка HDCP, поддержка Vulkan",необходимость дополнительного питания,14002 МГц,1530 МГц,
Видеокарта Palit GeForce® GT 520 1GB DDR3,3375,,,1024 МБ,DDR3,,выход HDMI,,,,,,,,,1070 МГц,,
"Видеокарта PowerColor Fighter Radeon RX 6500 XT 4GB, AXRX 6500 XT 4GBD6-DH/OC, Retail",17590,Retail,игровая,4096 МБ,GDDR6,64 бит,"выход DisplayPort, выход HDMI",6 нм,PCI Express 4.0,,6 pin,7680x4320,2,"поддержка HDCP, поддержка Vulkan",необходимость дополнительного питания,18000 МГц,2365 МГц,
"Видеокарта MSI GeForce GT 1030 2GD4 LP OC, Retail",8791,Retail,игровая,2048 МБ,GDDR4,64 бит,"выход DisplayPort, выход HDMI",14 нм,PCI Express 3.0,20 Вт,,4096x2160,2,,,2100 МГц,1189 МГц,
"Видеокарта Sinotex Ninja GeForce GTX 750 4GB (NH75NP045F), Retail",8773,Retail,игровая,4096 МБ,GDDR5,128 бит,"выход DVI, выход HDMI",28 нм,PCI Express 3.0,55 Вт,,2560x1600,3,"поддержка CUDA, поддержка HDCP",,5000 МГц,1072 МГц,
"Видеокарта INNO3D GEFORCE RTX 3060 Ti TWIN X2 OC 8GB (N306T2-08D6X-1190VA32D), Retail",51790,Retail,игровая,8192 МБ,GDDR6,256 бит,"выход DisplayPort x 3, выход HDMI",8 нм,PCI Express 4.0,,8 pin,7680x4320,4,,,,1680 МГц,
Видеокарта GigaByte nVidia GeForce RTX 3060 VISION OC rev. 2.0 LHR PCI-E 12288Mb GDDR6 192 Bit Retail (GV-N3060VISION OC-12GD 2),40841,,игровая,12288 МБ,GDDR6,192 бит,выход DisplayPort x 2,8 нм,PCI Express 4.0,,,7680x4320,,поддержка трассировки лучей,Low Hash Rate,15000 МГц,1837 МГц,
Б/у PCI-E 2Gb GeForce Gt610 Asus GT610-SL-2GD3-L,3113,,,,,,,,,,,,,,,,,
Видеокарта GIGABYTE GeForce GT 430 730Mhz PCI-E 2.0 1024Mb 1800Mhz 128 bit DVI HDMI,1900,,,1024 МБ,GDDR3,,выход HDMI,,,,,2560x1600,,,,1800 МГц,730 МГц,
"Видеокарта ZOTAC GAMING GeForce RTX 3060 Twin Edge OC 12GB (ZT-A30600H-10M), Retail",58576,Retail,игровая,12288 МБ,GDDR6,192 бит,"выход DisplayPort x 3, выход HDMI",8 нм,PCI Express 4.0,170 Вт,8 pin,7680x4320,4,,,15000 МГц,1807 МГц,
"Видеокарта MSI GeForce RTX 3060 12 ГБ (3060 GAMING X 12G LHR), rev. 2.0 (LHR)",39118,,игровая,12288 МБ,GDDR6,192 бит,"выход DisplayPort, выход HDMI",8 нм,PCI Express 4.0,,8 pin + 6 pin,7680x4320,4,,,15000 МГц,,
"Видеокарта GIGABYTE GeForce GTX 1650 D6 WINDFORCE OC 4G (rev. 2.0), Retail",24489,Retail,игровая,4096 МБ,GDDR6,128 бит,"выход DVI, выход DisplayPort, выход HDMI",12 нм,PCI Express 3.0,,6 pin,7680x4320,3,,,12000 МГц,1650 МГц,
Видеокарта ASRock RX7900XTX Phantom Gaming 24G OC,112549,,игровая,24000 МБ,GDDR6,384 бит,"выход DisplayPort x 3, выход HDMI",,PCI Express 4.0,,,7680x4320,4,,,,2455 МГц,
"Видеокарта GIGABYTE AORUS GeForce RTX 3080 MASTER 10G (GV-N3080AORUS M-10GD) (rev. 3.0), Retail",84990,Retail,игровая,10240 МБ,GDDR6X,320 бит,"выход DisplayPort x 3, выход HDMI x 3, интерфейс USB Type-C",8 нм,PCI Express 4.0,,8 pin+8 pin+8 pin,7680x4320,4,поддержка CUDA,Low Hash Rate,19000 МГц,1845 МГц,
Видеокарта ASUS ROG-STRIX-RTX3070-8G-WHITE-V2,59500,,,,,,,,,,,,,,,,,
"Видеокарта Colorful iGame GeForce RTX 3080 Advanced OC 12G LHR-V, Retail",75783,Retail,игровая,12288 МБ,GDDR6X,320 бит,"выход DisplayPort x 3, выход HDMI",8 нм,PCI Express 4.0,390 Вт,8 pin+8 pin+8 pin,7680x4320,4,"поддержка CUDA, поддержка трассировки лучей",необходимость дополнительного питания,19000 МГц,1260 МГц,
Б/у Видеокарта PCI-E 2Gb ATI Radeon HD6670 Asus HD6670-2GD3,4363,,,2048 МБ,GDDR3,,выход VGA,,,,,,,,,,,
"Б/у AGP 128Mb Fx6600 Palit NA/6600G+TD11-PM8343G, дефектная",613₽,,,128 МБ,,,,,,,,,,,,,,
"Видеокарта MSI GeForce RTX 3050 AERO ITX 8G OC, Retail",26600,Retail,игровая,8192 МБ,GDDR6,128 бит,"выход DisplayPort x 3, выход HDMI",8 нм,PCI Express 4.0,130 Вт,8 pin,7680x4320,4,"поддержка CUDA, поддержка HDCP, поддержка трассировки лучей",необходимость дополнительного питания,14000 МГц,1807 МГц,
Видеокарта Geforce RTX 3070 ti Zotac 8G6X,57499,,игровая,,GDDR6X,256 бит,,,PCI Express 4.0,,,,4,,,,,
Видеокарта Radeon HD 4850 512Mb,2030,,,,GDDR3,,выход DVI x 2,,,,,,,,,2000 МГц,625 МГц,
Manli GeForce RTX 2060 SUPER (Видеопамять GeForce RTX 2060 SUPER 8 ГБ Samsung),23999,,игровая,8192 МБ,GDDR6,,"выход DVI, выход HDMI",,PCI Express 4.0,,8 pin,7680x4320,4,,,14000 МГц,1665 МГц,
"Видеокарта KFA2 GeForce GTX 1660 (60SRH7DSY91K), Retail",22116,Retail,игровая,6144 МБ,GDDR5,192 бит,"выход DVI, выход DisplayPort, выход HDMI",12 нм,PCI Express 3.0,120 Вт,6 pin,7680x4320,3,"поддержка CUDA, поддержка HDCP, поддержка Vulkan",необходимость дополнительного питания,8000 МГц,1800 МГц,
Видеокарта GIGABYTE PCIE16 RX6700XT 12GB GDDR6 GV-R67XTEAGLE-12GD,47840,,,12000 МБ,GDDR6,192 бит,"выход DisplayPort x 2, выход HDMI x 2",7 нм,PCI Express 4.0,,8 pin + 6 pin,7680x4320,4,,,16000 МГц,2321 МГц,
Видеокарта HP Quadro NVS 450 480Mhz PCI-E 2.0 512Mb 1400Mhz 128 bit,16480,,профессиональная,512 МБ,GDDR3,128 бит,выход DisplayPort x 4,65 нм,PCI Express 2.0,,,2560x1600,4,,,1400 МГц,480 МГц,
Видеокарта PCIE16 RTX3060 12GB LHR PA-RTX3060 DUAL OC PALIT,34990,,игровая,12288 МБ,GDDR6,192 бит,,8 нм,PCI Express 4.0,,16 pin,7680x4320,4,,,,1320 МГц,
"Видеокарта ASUS GeForce GT 730 2GB (GT730-SL-2GD3-BRK), Retail",8209,Retail,,2048 МБ,GDDR3,64 бит,"выход DVI, выход HDMI, выход VGA",28 нм,PCI Express 2.0,,,4096x2160,3,,,1800 МГц,902 МГц,
"Видеокарта Gigabyte GT 1030 OC 2G,",10086,Retail,игровая,2000 МБ,GDDR5,64 бит,"выход HDMI, PCI-E",16 нм,PCI Express 3.0,30 Вт,Нет,3840x2160 4K UHD,2,NVIDIA CUDA,,6008 МГц,1265 МГц,
Lenovo Видеокарта NVIDIA Lenovo Gaming GeForce RTX 2080 8gb Blower Graphics Card GPU Reference cooling OEM,48750,,игровая,8192 МБ,GDDR6,256 бит,,12 нм,PCI Express 3.0,,,,4,,,14000 МГц,1785 МГц,
Видеокарта Manli NVIDIA RTX 3070 8G M2479-N61,59990,,игровая,8000 МБ,GDDR6,256 бит,выход HDMI,8 нм,PCI Express 4.0,220 Вт,,,,,,,,
Видеокарта Gainward RTX3060 GHOST OC 12GB GDDR6 192bit 3-DP HDMI RTL,33374,,,12288 МБ,GDDR6,192 бит,,,,,,,,,,,,
Видеокарта для dell 6400 E1505 ноутбук 109-A74231-00 WF148 0WF148,2525,,,,GDDR2,32 бит,,,,,,,,,,,,
"Видеокарта Sinotex Ninja GTX 750 2GB (NK75NP025F), Retail",7690,Retail,,2048 МБ,GDDR5,128 бит,"выход DVI, выход HDMI",28 нм,PCI Express 3.0,,,2560x1600,3,,,5000 МГц,1020 МГц,
"Видеокарта GIGABYTE AORUS GeForce RTX 4080 16GB XTREME WATERFORCE (GV-N4080AORUSX W-16GD), Retail",126690,Retail,игровая,16384 МБ,GDDR6X,256 бит,"выход DisplayPort x 3, выход HDMI",5 нм,PCI Express 4.0,,16 pin,7680x4320,4,"поддержка CUDA, поддержка HDCP, поддержка Vulkan, поддержка трассировки лучей",необходимость дополнительного питания,22400 МГц,2565 МГц,
"Видеокарта PowerColor Hellhound Sakura Radeon RX 6650 XT 8GB (AXRX 6650 XT 8GBD6-3DHLV3/OC), Retail",41880,Retail,,8192 МБ,GDDR6,128 бит,"выход DisplayPort x 3, выход HDMI",,PCI Express 4.0,,8 pin,7680x4320,4,"поддержка HDCP, поддержка Vulkan",необходимость дополнительного питания,17500 МГц,2689 МГц,
Видеокарты ASUS Видеокарта Asus PCI-E GTX1650-4G-LP-BRK NVIDIA GeForce GTX 1650 4096Mb 128 GDDR5 1485/8002 DVIx1 HDMIx1 DPx1 HDCP Ret,28295,,,4096 МБ,GDDR5,128 бит,выход HDMI,12 нм,PCI Express 3.0,,,,,,,,1485 МГц,
"Видеокарта PNY Quadro P2000 5GB (VCQP2000), Retail",47988,Retail,профессиональная,5120 МБ,GDDR5,160 бит,"выход DisplayPort, выход DisplayPort x 4",16 нм,PCI Express 3.0,75 Вт,,5120x2880,4,"поддержка CUDA, поддержка HDCP, поддержка Vulkan",,,,
Видеокарта Palit GTX1650 GP OC 4GB GDDR6 128bit 2-DP HDMI,18900,Retail,игровая,4096 МБ,GDDR6,128 бит,"выход DisplayPort, выход DisplayPort x 2, выход HDMI",12 нм,PCI Express 3.0,75 Вт,6 pin,,3,,,12000 МГц,1410 МГц,
Видеокарта Gigabyte RTX3060Ti EAGLE OC D6X 8GB GDDR6X 256-bit,50329,,игровая,,GDDR6X,256 бит,"выход DisplayPort, выход HDMI",8 нм,PCI Express 4.0,,,7680x4320,4,,,19000 МГц,1680 МГц,
HP FirePro V3800 650Mhz PCI-E 2.0 512Mb 1800Mhz 64 bit DVI,10990,,профессиональная,512 МБ,,64 бит,выход DVI,,PCI Express 2.0,,,,,,,1800 МГц,650 МГц,
Видеокарта GTX 260 896mb GDDR3/448,2499,,,,GDDR3,,,,,,,,,,,,,
"Видеокарта Gainward GeForce GTX 750 1020Mhz PCI-E 3.0 2048Mb 5010Mhz 128 bit DVI Mini-HDMI HDCP one slot, Retail",6542,Retail,,2048 МБ,GDDR5,128 бит,"выход DVI, выход Mini HDMI, выход VGA",28 нм,,55 Вт,,4096x2160,2,,,5010 МГц,1020 МГц,
Видеокарта RX570 8GB GDDR5 256BIT HDMI 3xDP,17154,,,8192 МБ,GDDR5,,выход HDMI,,,,,3840x2160 4K UHD,,,,,,
"Видеокарта ZOTAC GeForce RTX 4070 Ti TRINITY 12GB (ZT-D40710D-10P), Retail",98549,Retail,игровая,12288 МБ,GDDR6X,192 бит,"выход DisplayPort x 3, выход HDMI",4 нм,PCI Express 4.0,285 Вт,,7680x4320,4,"поддержка CUDA, поддержка Vulkan",,21000 МГц,2610 МГц,
Видеокарта MSI PCI-E GTX 1660 SUPER AERO ITX nVidia GeForce GTX 1660SUPER 6144Mb 192bit GDDR6 1530/14000 DVIx1/HDMIx1/DPx1/HDCP Ret,28080,,,6144 МБ,GDDR6,192 бит,выход HDMI,12 нм,PCI Express 3.0,,,,,,,,,
"Видеокарта INNO3D GEFORCE RTX 3060 ICHILL X3 RED 12GB (C30603-12D6X-1671VA39A), Retail",74000,Retail,игровая,12288 МБ,GDDR6,192 бит,"выход DisplayPort x 3, выход HDMI",8 нм,PCI Express 4.0,,8 pin,7680x4320,4,,,,1725 МГц,
Внешняя видеокарта USB TRENDnet TU2-DVIV,1755,,,,,,,,,,,,,,внешняя видеокарта,,,
"Видеокарта GIGABYTE GeForce RTX 3070 Ti GAMING 8G (GV-N307TGAMING-8GD), Retail",59829,Retail,игровая,8192 МБ,GDDR6X,256 бит,"выход DisplayPort x 2, выход HDMI x 2",8 нм,PCI Express 4.0,,8 pin + 8 pin,7680x4320,4,"поддержка CUDA, поддержка трассировки лучей",,19000 МГц,1770 МГц,
"Видеокарта Colorful GeForce GTX 1650 SUPER NB 4G-V, Retail",20077,Retail,игровая,4096 МБ,GDDR6,128 бит,"выход DVI, выход DisplayPort, выход HDMI",12 нм,PCI Express 3.0,100 Вт,6 pin,7680x4320,3,,,12000 МГц,1530 МГц,
Видеокарта Colorful RTX3060Ti NB DUO G6X-V 8GB GDDR6X 256-bit 3xDP HDMI,45879,,игровая,8192 МБ,GDDR6X,256 бит,"выход DisplayPort x 3, выход HDMI",8 нм,PCI Express 4.0,,,7680x4320,"3, 4",поддержка CUDA,,,,
Видеокарта MSI Intel Arc A750 ASTRO 2X 8GB,30313,Retail,игровая,8192 МБ,GDDR6,256 бит,"выход DisplayPort, выход HDMI",6 нм,PCI Express 4.0,,8 pin + 8 pin,7680x4320,4,,,16000 МГц,2050 МГц,
"Видеокарта GIGABYTE GeForce GTX 1650 D6 WINDFORCE 4G (GV-N1656WF2-4GD), Retail",19300,Retail,игровая,4096 МБ,GDDR6,128 бит,"выход DVI, выход DisplayPort, выход HDMI",12 нм,PCI Express 3.0,75 Вт,6 pin,7680x4320,3,поддержка CUDA,,12000 МГц,1590 МГц,
"Видеокарта ASUS EKWB GeForce RTX 3070 8GB, Retail",83469,Retail,игровая,8192 МБ,GDDR6,256 бит,"выход DisplayPort x 3, выход HDMI, интерфейс USB Type-C",8 нм,PCI Express 4.0,,12 pin,7680x4320,4,"поддержка CUDA, поддержка HDCP, поддержка Vulkan, поддержка трассировки лучей","водяное охлаждение, необходимость дополнительного питания",,1755 МГц,
"Видеокарта MSI GeForce RTX 3060 Ti VENTUS 3X 8GB, Retail",53927,Retail,игровая,8192 МБ,GDDR6,256 бит,"выход DisplayPort x 3, выход HDMI",8 нм,PCI Express 4.0,200 Вт,8 pin,7680x4320,4,,,14000 МГц,1665 МГц,
Видеокарта USB St-lab U-1500,5210,,,,,,,,,,,,,,внешняя видеокарта,,,
"Видеокарта Palit GeForce RTX 4080 GamingPro 16GB, Retail",100350,Retail,игровая,16384 МБ,GDDR6X,256 бит,"выход DisplayPort x 3, выход HDMI",4 нм,PCI Express 4.0,320 Вт,16 pin,7680x4320,4,"поддержка CUDA, поддержка Vulkan, поддержка трассировки лучей",необходимость дополнительного питания,22400 МГц,2505 МГц,
"Видеокарта AFOX GeForce GT 710 1GB (AF710-1024D3L5), Retail",4226,Retail,,1024 МБ,GDDR3,64 бит,"выход DVI, выход HDMI, выход VGA",28 нм,,19 Вт,,2560x1600,2,,,1600 МГц,954 МГц,
"Видеокарта KFA2 GeForce RTX 3050 EX 8GB (35NSL8MD6YEX), Retail",27000,Retail,игровая,8192 МБ,GDDR6,128 бит,"выход DisplayPort x 3, выход HDMI",8 нм,PCI Express 4.0,130 Вт,8 pin,7680x4320,4,"поддержка CUDA, поддержка HDCP, поддержка Vulkan, поддержка трассировки лучей",необходимость дополнительного питания,14000 МГц,1822 МГц,
Графический ускоритель NVidia Tesla P100 16Gb,420000,Retail,профессиональная,16384 МБ,HBM2,,,,PCI Express 3.0,,8 pin,,,,,,,
Видеокарта MSI PCI-E 4.0 RX 6650 XT GAMING X 8G AMD Radeon RX 6650XT 8192Mb 128 GDDR6 2593/17500 HDMIx1 DPx3 HDCP Ret,42714,,,8192 МБ,GDDR6,,выход HDMI,,,,,,,,,,2593 МГц,
Видеокарта Sapphire Radeon RX 460 1090Mhz PCI-E 3.0 2048Mb,6875,,,2048 МБ,GDDR5,128 бит,выход HDMI,14 нм,,,,7680x4320,3,,,7000 МГц,1090 МГц,поддержка SLI/CrossFire
Видеокарта Gainward GeForce RTX 3070 Ti 8 ГБ (GAINWARD RTX 3070Ti 8G),46400,Retail,игровая,8192 МБ,GDDR6X,256 бит,"выход DisplayPort x 3, выход HDMI",8 нм,PCI Express 4.0,310 Вт,8 pin + 8 pin,7680x4320,4,поддержка CUDA,необходимость дополнительного питания,19000 МГц,1770 МГц,
Видеокарта Asus PCI-E 4.0 DUAL-RTX3060TI-O8GD6X NVIDIA GeForce RTX 3060Ti 8192Mb 256 GDDR6 1710/14000 HDMIx2 DPx3 HDCP Ret,45726,Retail,игровая,8192 МБ,GDDR6X,256 бит,"выход DisplayPort x 3, выход HDMI",8 нм,PCI Express 4.0,,8 pin + 8 pin,7680x4320,4,,,19000 МГц,1710 МГц,
Видеокарта Sapphire Radeon HD 6790 840Mhz PCI-E 2.1 1024Mb 4200Mhz 256 bit 2xDVI HDMI HDCP,5250,,,1024 МБ,GDDR5,256 бит,,,PCI Express 2.1,,,,3,,,,,
Видеокарта Gigabyte RTX4080 GAMING OC 16GB,136612,,игровая,16384 МБ,GDDR6X,256 бит,"выход DisplayPort x 3, выход HDMI",5 нм,PCI Express 4.0,,16 pin,7680x4320,4,,,22400 МГц,2535 МГц,
Видеокарта Palit RTX4090 GameRock OC 24G GDDR6X 2235/21000 HDMIx1 DPx3 HDCP,197063,,игровая,24576 МБ,GDDR6X,,,,,,16 pin,,,,,,,
Видеокарта Colorful RTX3080Ti 12G Tomahawk OC,92000,,,,GDDR6X,,,,,,,,,,,,,
Видеокарта PCIE16 GTX1660TI 6GB GDDR6 GV-N166TOC-6GD 1.0A GIGABYTE,25600,Retail,игровая,6144 МБ,GDDR6,192 бит,"выход DisplayPort x 3, выход HDMI",12 нм,PCI Express 3.0,,8 pin,7680x4320,4,,,12000 МГц,1536 МГц,
"Видеокарта Colorful GeForce GT1030 2G V3-V, Retail",7414,Retail,,2048 МБ,GDDR5,64 бит,"выход HDMI, выход VGA",,PCI Express 3.0,,,,2,,,6000 МГц,1228 МГц,
"Видеокарта PowerColor Radeon RX 6500 XT ITX 4GB (AXRX 6500 XT 4GBD6-DH), Retail",20085,Retail,игровая,4096 МБ,GDDR6,64 бит,"выход DisplayPort, выход HDMI",6 нм,PCI Express 4.0,107 Вт,6 pin,7680x4320,2,"поддержка HDCP, поддержка Vulkan",необходимость дополнительного питания,18000 МГц,2310 МГц,
"Видеокарта PowerColor Radeon RX 6500 XT ITX 4GB (AXRX 6500 XT 4GBD6-DH), Retail",20085,Retail,игровая,4096 МБ,GDDR6,64 бит,"выход DisplayPort, выход HDMI",6 нм,PCI Express 4.0,107 Вт,6 pin,7680x4320,2,"поддержка HDCP, поддержка Vulkan",необходимость дополнительного питания,18000 МГц,2310 МГц,
"Видеокарта GIGABYTE GeForce RTX 3070 Gaming OC 8G (GV-N3070GAMING OC-8GD) (rev. 1.0), Retail",50256,Retail,игровая,8192 МБ,GDDR6,256 бит,"выход DisplayPort x 2, выход HDMI, выход HDMI x 2, интерфейс USB Type-C",8 нм,PCI Express 4.0,220 Вт,8 pin + 6 pin,7680x4320,4,,,14000 МГц,1815 МГц,
Видеокарта ASRock RX7900XT Phantom Gaming 20G OC,105559,,игровая,20000 МБ,GDDR6,320 бит,"выход DisplayPort x 3, выход HDMI",,PCI Express 4.0,,,7680x4320,4,,,,2075 МГц,
"Видеокарта ASUS Dual GeForce GTX 1650 OC 4GB (DUAL-GTX1650-O4G), Retail",17500,Retail,игровая,4096 МБ,GDDR5,128 бит,"выход DVI, выход DisplayPort, выход HDMI",12 нм,PCI Express 3.0,,,7680x4320,3,"поддержка CUDA, поддержка HDCP",,8002 МГц,1485 МГц,
Видеокарта KFA2 GeForce RTX 4080 SG PCI-E 16GB GDDR6X 256-bit w/HDMI/DP/DP/DP/CoolingFan 48NZM6MD6LSK,110085,,игровая,16384 МБ,GDDR6X,256 бит,"выход DisplayPort x 3, выход HDMI",,PCI Express 4.0,,16 pin,7680x4320,4,поддержка CUDA,,22400 МГц,2580 МГц,
"Видеокарта PNY Quadro T400 2GB (VCNT400-PB), Retail",17529,Retail,профессиональная,2048 МБ,GDDR6,64 бит,выход Mini DisplayPort x 3,14 нм,PCI Express 3.0,30 Вт,,7680x4320,3,"поддержка CUDA, поддержка HDCP",низкопрофильная карта (Low Profile),4000 МГц,1070 МГц,
"Видеокарта AFOX GeForce GT 610 1 GB (AF610-1024D3L7-V6), Retail",3560,Retail,,1024 МБ,GDDR3,64 бит,"выход DVI, выход HDMI, выход VGA",40 нм,PCI Express 3.0,29 Вт,,2560x1600,3,"поддержка CUDA, поддержка HDCP",низкопрофильная карта (Low Profile),1333 МГц,810 МГц,
"Видеокарта AFOX GeForce GTX 750Ti 4GBb (AF750TI-4096D5H1), Retail",13249,Retail,,4096 МБ,GDDR5,128 бит,"выход DVI, выход HDMI, выход VGA",28 нм,PCI Express 3.0,60 Вт,6 pin,4096x2160,3,,,5400 МГц,1020 МГц,
"Видеокарта GIGABYTE GeForce RTX 4090 AERO OC 24G (GV-N4090AERO OC-24GD), Retail",166597,Retail,игровая,24576 МБ,GDDR6X,384 бит,"выход DisplayPort x 3, выход HDMI",4 нм,PCI Express 4.0,450 Вт,16 pin,7680x4320,4,"поддержка CUDA, поддержка Vulkan",необходимость дополнительного питания,21000 МГц,2535 МГц,
"Видеокарта ASUS ROG Strix GeForce RTX 3080 V2 OC Edition 10GB (ROG-STRIX-RTX3080-O10G-V2-GAMING), Retail",110000,Retail,игровая,10240 МБ,GDDR6X,320 бит,"выход DisplayPort x 3, выход HDMI x 2, интерфейс USB Type-C",8 нм,PCI Express 4.0,320 Вт,8 pin+8 pin+8 pin,7680x4320,4,,,19000 МГц,1905 МГц,
Видеокарта Sparkle GTX 260,3900,,,,GDDR3,448 бит,,,,,,,,,,,,
"Видеокарта AFOX Radeon RX 560 4GB (AFRX560-4096D5H4), Retail",9500,Retail,игровая,4096 МБ,GDDR5,128 бит,"выход DVI, выход DisplayPort, выход HDMI",14 нм,PCI Express 3.0,75 Вт,,7680x4320,3,,,7000 МГц,1275 МГц,
Видеокарта MSI Intel Arc A310 LP 2X 4GB OEM,12123,OEM,игровая,4096 МБ,GDDR6,64 бит,"выход DisplayPort, выход HDMI",,PCI Express 4.0,75 Вт,,7680x4320,2,поддержка HDCP,низкопрофильная карта (Low Profile),15500 МГц,2000 МГц,
Zotac Видеокарта Zotac GeForce GTX 750 2GB GDDR5 (ZT-70704-10M),6000,,,2048 МБ,GDDR5,128 бит,выход DVI x 2,28 нм,,55 Вт,,4096x2160,2,,,5400 МГц,1033 МГц,
Видеокарта Radeon X600 Pro DDR 128MB PCI-E,1625,,,128 МБ,,128 бит,выход DVI,,,,,,,,,,,
Видеокарта AFOX Pcie16 GT730 1GB DDR3 AF730-1024D3L3-V3,4990,,,1024 МБ,DDR3,128 бит,,,,,,2560x1600,,,,,1336 МГц,
"Видеокарта Palit GeForce RTX 3060 StormX 12G (NE63060019K9-190AF), Retail",42786,Retail,игровая,12288 МБ,GDDR6,192 бит,"выход DisplayPort x 3, выход HDMI, интерфейс USB Type-C",8 нм,PCI Express 4.0,170 Вт,8 pin,7680x4320,4,"поддержка CUDA, поддержка HDCP, поддержка Vulkan, поддержка трассировки лучей",необходимость дополнительного питания,15000 МГц,1320 МГц,
"Видеокарта NVIDIA T1000 8GB, Retail",40400,Retail,,8192 МБ,GDDR6,128 бит,выход Mini DisplayPort x 4,,PCI Express 3.0,,,7680x4320,4,"поддержка CUDA, поддержка HDCP, поддержка Vulkan",,,,
Видеокарта 12 Гб Sapphire Radeon RX 6700 XT Gaming OC Pulse (11306-05-20G),49581,,игровая,12288 МБ,GDDR6,192 бит,"выход DisplayPort, выход DisplayPort x 3",7 нм,PCI Express 4.0,230 Вт,8 pin,7680x4320,4,,,16000 МГц,2560 МГц,
Видеокарта INNO3D RTX3060 TWIN X2 8GB GDDR6 128-bit,36621,Retail,игровая,8192 МБ,GDDR6,128 бит,"выход DisplayPort x 3, выход HDMI",8 нм,PCI Express 4.0,,8 pin,7680x4320,4,поддержка CUDA,необходимость дополнительного питания,15000 МГц,1320 МГц,
Видеокарта новая Geforce RTX 2060 SUPER 8 ГБ iCraft,28000,,игровая,8000 МБ,GDDR6,256 бит,"выход DVI, выход HDMI, DP",12 нм,,,,,3,"поддержка CUDA, поддержка трассировки лучей",,1750 МГц,1460 МГц,
Видеокарта AFOX Radeon R9 370 4 ГБ (AFR9370-4096D5H9),10750,Retail,игровая,4096 МБ,GDDR5,256 бит,"выход DVI, выход DisplayPort, выход HDMI",28 нм,PCI Express 3.0,,6 pin,3840x2160,3,поддержка HDCP,,5400 МГц,860 МГц,
"Видеокарта ASUS Cerberus GeForce GTX 1050 Ti Advanced 4GB (CERBERUS-GTX1050TI-A4G), Retail",18950,Retail,игровая,4096 МБ,GDDR5,128 бит,"выход DVI, выход DisplayPort, выход HDMI",14 нм,PCI Express 3.0,,,7680x4320,3,,,7008 МГц,1303 МГц,
"Видеокарта NVIDIA RTX A4000 16GB, OEM",92000,OEM,профессиональная,16384 МБ,GDDR6,256 бит,выход DisplayPort x 4,,PCI Express 4.0,140 Вт,6 pin,7680x4320,4,"поддержка CUDA, поддержка HDCP, поддержка Vulkan",необходимость дополнительного питания,,,
"Видеокарта INNO3D GeForce RTX 3050 TWIN X2 8GB (N30502-08D6-1190VA42), Retail",26724,Retail,игровая,8192 МБ,GDDR6,128 бит,"выход DisplayPort x 3, выход HDMI",8 нм,PCI Express 4.0,130 Вт,8 pin,7680x4320,4,"поддержка CUDA, поддержка HDCP, поддержка Vulkan, поддержка трассировки лучей",необходимость дополнительного питания,14000 МГц,1777 МГц,
Видеокарта USB Espada H000USB,4751,,,,,,,,,,,,,,внешняя видеокарта,,,
"Видеокарта GIGABYTE AORUS GeForce RTX 3080 MASTER 10G (GV-N3080AORUS M-10GD) (rev. 2.0), Retail",100090,Retail,игровая,10240 МБ,GDDR6X,320 бит,"выход DisplayPort x 3, выход HDMI x 3",8 нм,PCI Express 4.0,,8 pin+8 pin+8 pin,7680x4320,4,"поддержка HDCP, поддержка Vulkan, поддержка трассировки лучей",необходимость дополнительного питания,19000 МГц,1845 МГц,
Б/у AGP 128Mb ATI Radeon 9250 Sapphire SKU#11046-60,988₽,,,128 МБ,,,,,,,,,,,,,,
Видеокарта GIGABYTE AORUS GeForce RTX 3080 XTREME WATERFORCE WB 10G (REV 2.0),90000,Retail,игровая,10240 МБ,GDDR6X,320 бит,выход HDMI,8 нм,PCI Express 4.0,,,,,,,,,
"Видеокарта Matrox M9125 512MB (M9125-E512F), Retail",35500,Retail,игровая,512 МБ,GDDR2,64 бит,"выход DVI, выход DVI x 2, PCI",,,,,2560x1600,2,,,,,
Видеокарта Palit GeForce RTX 3070 Gaming Pro OC V1 8Gb LHR (NE63070S19P2-1041A),68480,,,8192 МБ,,,,,,,,7680x4320,,,,,,
Видеокарта ASUS nVidia GeForce RTX 3070 Dual V2 LHR 8192Mb DUAL-RTX3070-8G-V2,53300,,игровая,8192 МБ,GDDR6,256 бит,"выход DisplayPort x 3, выход HDMI",8 нм,PCI Express 4.0,,8 pin + 8 pin,7680x4320,,поддержка трассировки лучей,,14000 МГц,1755 МГц,
Аксессуар для видеокарты LOW PROFILE BRACKET A2000 12GB NVIDIA,2323,,,12288 МБ,,,,,,,,,,,,,,
"Видеокарта Colorful GeForce RTX 4090 NB EX-V 24GB, Retail",170940,Retail,игровая,24576 МБ,GDDR6X,384 бит,"выход DisplayPort x 3, выход HDMI",4 нм,PCI Express 4.0,480 Вт,16 pin,7680x4320,4,"поддержка CUDA, поддержка HDCP, поддержка трассировки лучей",необходимость дополнительного питания,21000 МГц,2565 МГц,
Видеокарта HD 5570 1024mb,3250,,,,,,,,,,,,,,,,,
"Видеокарта ASUS Dual Radeon RX 6600 XT OC Edition 8Gb, DUAL-RX6600XT-O8G, Retail",34700,Retail,игровая,8192 МБ,GDDR6,128 бит,"выход DisplayPort, выход HDMI",7 нм,PCI Express 4.0,160 Вт,8 pin,7680x4320,4,"поддержка HDCP, поддержка Vulkan, поддержка трассировки лучей",необходимость дополнительного питания,16000 МГц,2000 МГц,"поддержка NVLink, поддержка SLI/CrossFire"
Видеокарта GAINWARD GeForce RTX 3090 24576Mb PHOENIX GS (NED3090019SB-132BX),107057,,игровая,24576 МБ,GDDR6X,384 бит,,,PCI Express 4.0,,,,,поддержка трассировки лучей,,19500 МГц,,
Видеокарта MSI GeForce RTX 2060 VENTUS OC RU 6Gb,31300,,игровая,6144 МБ,GDDR6,192 бит,"выход DisplayPort x 3, выход HDMI",12 нм,PCI Express 3.0,,8 pin,7680x4320,,,,,1365 МГц,
Видеокарта Sapphire AMD Radeon RX 7900 XTX 24Gb (21322-01-20G),123744,,игровая,24000 МБ,GDDR6,384 бит,"выход DisplayPort x 2, выход HDMI",,PCI Express 4.0,335 Вт,8 pin + 8 pin,7680x4320,4,,,,2500 МГц,
Видеокарта PowerColor Radeon HD 4730 700Mhz PCI-E 2.0 512Mb 3600Mhz,2375,,,512 МБ,GDDR5,,,55 нм,,,,2560x1600,,,,,,
"Видеокарта PowerColor Radeon HD 5750 700Mhz PCI-E 2.1 1024Mb 4000Mhz 128 bit DVI HDMI HDCP, Ресейл",3500,,,1024 МБ,GDDR5,,выход HDMI,,,,,,,,,4000 МГц,700 МГц,
Видеокарта Ninja(Sinotex) RTX3070 (5888SP) 8GB GDDR6 256BIT (HDMI/3xDP),48790,,игровая,8192 МБ,GDDR6,256 бит,"выход DisplayPort x 3, выход HDMI",8 нм,PCI Express 4.0,,,7680x4320,4,поддержка CUDA,,1750 МГц,1500 МГц,
"Видеокарта ZOTAC GAMING GeForce RTX 3080 Ti AMP Holo (ZT-A30810F-10P), Retail",109990,Retail,игровая,12288 МБ,GDDR6X,384 бит,"выход DisplayPort x 3, выход HDMI",8 нм,PCI Express 4.0,350 Вт,8 pin + 8 pin,7680x4320,4,"поддержка CUDA, поддержка HDCP, поддержка Vulkan, поддержка трассировки лучей",необходимость дополнительного питания,19000 МГц,1710 МГц,
Шторка для веб-камеры / Защитная шторка для камеры ноутбука / Накладка на камеру телефона / Защита для планшета 2 шт. Белая,219₽,,,,,,,,,,,,,,,,,
Видеокарта ASUS GeForce 210 EN210 SILENT/DI/1GD3 /V2 (LP),2200,,,1024 МБ,GDDR3,,,,,,,2312x1080,,,,,589 МГц,
Видеокарта MSI PCI-E RTX 2060 VENTUS OC RU NV RTX2060 6144Mb 192 GDDR6 1665/14000/HDMIx1/DPx3/HDCP R,63720,,игровая,6144 МБ,GDDR6,192 бит,"выход DisplayPort x 3, выход HDMI",12 нм,PCI Express 3.0,,,7680x4320,,,,14000 МГц,1710 МГц,
Видеокарта 8.0 Гб HIS Radeon RX 580 IceQ X2 [HS-580R8LC],10950,,игровая,8192 МБ,GDDR5,256 бит,"выход DVI, выход DisplayPort x 3, выход HDMI",14 нм,PCI Express 3.0,,8 pin,7680x4320,4,,,1350 МГц,1257 МГц,
Видеокарта PCI-e nVidia GeForce 8600GT 512Mb GDDR3 128bit Asus Silent,1550,,,512 МБ,GDDR3,128 бит,,,PCI Express 2.0,,,,2,,,,,
Видеокарта PCI-E Sinotex GeForce GT 210 NK21NP013F 1GB GDDR3 64bit 40nm 700/1333MHz D-Sub/HDMI/DVI-D RTL,2885,,,1024 МБ,GDDR3,,выход HDMI,,,,,,,,,,,
"Видеокарта Sinotex Ninja Radeon R7 250 2GB (AKR725025F), Retail",7202,Retail,,2048 МБ,GDDR5,128 бит,"выход DVI, выход HDMI, выход VGA",28 нм,PCI Express 3.0,,,4096x2160,3,"поддержка HDCP, поддержка Vulkan",,,,
Плата видеокарты PowerColor Radeon HD 3870 512MB,250₽,,,512 МБ,,,,,,,,,,,,,,
ASUS Видеокарта/ DUAL-RTX3060-O8G-WHITE,33700,Retail,игровая,8192 МБ,GDDR6,192 бит,"выход DisplayPort x 3, выход HDMI",8 нм,PCI Express 4.0,,8 pin,7680x4320,4,,,15000 МГц,1867 МГц,
Видеокарта HIS Radeon HD 5450 650Mhz PCI-E 2.1 512Mb 1000Mhz 64 bit DVI HDMI HDCP,1404,,,512 МБ,GDDR3,64 бит,выход HDMI,40 нм,PCI Express 2.1,,,2560x1600,2,,,1000 МГц,650 МГц,поддержка SLI/CrossFire
Видеокарта GeForce GTX 1060 3GB БУ,14990,,,,GDDR5,192 бит,,,,,,,,,,,,
Видеокарта HIS Radeon HD 5450 650Mhz PCI-E 2.1 512Mb 1000Mhz 64 bit DVI HDMI HDCP,1404,,,512 МБ,GDDR3,64 бит,выход HDMI,40 нм,PCI Express 2.1,,,2560x1600,2,,,1000 МГц,650 МГц,поддержка SLI/CrossFire
Видеокарта GeForce GTX 1060 3GB БУ,14990,,,,GDDR5,192 бит,,,,,,,,,,,,
"Видеокарта AFOX GeForce RTX 3070 8GB (AF3070-8192D6H2), Retail",50281,Retail,игровая,8192 МБ,GDDR6,256 бит,"выход DisplayPort x 3, выход HDMI",8 нм,PCI Express 4.0,,12 pin,7680x4320,4,"поддержка CUDA, поддержка HDCP",,,1500 МГц,
Видеокарта Palit RTX4070Ti GAMEROCK 12GB,93610,,игровая,12288 МБ,GDDR6X,192 бит,"выход DisplayPort x 3, выход HDMI",4 нм,PCI Express 4.0,,16 pin,7680x4320,3,поддержка CUDA,,21000 МГц,2610 МГц,
"Видеокарта GIGABYTE GeForce RTX 4090 Gaming 24G (GV-N4090GAMING-24GD), Retail",166700,Retail,игровая,24576 МБ,GDDR6X,384 бит,"выход DisplayPort x 3, выход HDMI",4 нм,PCI Express 4.0,,16 pin,7680x4320,4,"поддержка CUDA, поддержка HDCP, поддержка Vulkan, поддержка трассировки лучей",необходимость дополнительного питания,21000 МГц,2520 МГц,
"Видеокарта Sapphire PULSE Radeon RX 5700 XT BE 8GB (11293-09-20G), Retail",41900,Retail,игровая,8192 МБ,GDDR6,256 бит,"выход DisplayPort x 3, выход HDMI",7 нм,PCI Express 4.0,241 Вт,8 pin + 6 pin,5120x2880,4,,,14000 МГц,1670 МГц,поддержка SLI/CrossFire
"Видеокарта GIGABYTE GeForce RTX 3060 Ti EAGLE 8G (GV-N306TEAGLE-8GD), Retail",42279,Retail,игровая,8192 МБ,GDDR6,256 бит,"выход DisplayPort x 2, выход HDMI, выход HDMI x 2",8 нм,PCI Express 4.0,,8 pin,7680x4320,4,,,14000 МГц,1665 МГц,
"Видеокарта MSI GeForce RTX 4070 Ti GAMING TRIO 12G, Retail",98700,Retail,игровая,12288 МБ,GDDR6X,192 бит,"выход DisplayPort x 3, выход HDMI",5 нм,PCI Express 4.0,285 Вт,16 pin,7680x4320,4,"поддержка CUDA, поддержка трассировки лучей",,21000 МГц,2310 МГц,
"Видеокарта HP Quadro P400 2GB (1ME43AA), Retail",17000,Retail,профессиональная,2048 МБ,GDDR5,64 бит,"выход DisplayPort, выход DisplayPort x 3, выход Mini DisplayPort x 3",14 нм,PCI Express 3.0,30 Вт,,5120x2880,4,,,,,
Б/у Видеокарта AGP 128Mb FX5200 MSI MS-8936,988₽,,,128 МБ,,,,,,,,,,,,,,
Видеокарта Gigabyte GeForce RTX 3060 EAGLE OC 12G RTL,43446,Retail,игровая,12000 МБ,GDDR6,192 бит,"выход DisplayPort, выход HDMI, PCI-E",8 нм,PCI Express 4.0,550 Вт,8 pin,7680x4320,4,NVIDIA CUDA,необходимость дополнительного питания,15000 МГц,1807 МГц,
Видеокарта 8 Гб Asus GeForce RTX 3070 Turbo V2 LHR (TURBO-RTX3070-8G-V2) oem,72408,,игровая,8192 МБ,GDDR6,256 бит,выход HDMI,8 нм,PCI Express 4.0,,8 pin + 8 pin,7680x4320,4,поддержка трассировки лучей,,,,
"Видеокарта ZOTAC RTX 4070 Ti AMP EXTREME AIRO 12GB (ZT-D40710B-10P), Retail",87499,Retail,игровая,12288 МБ,GDDR6X,192 бит,"выход DisplayPort x 3, выход HDMI",4 нм,PCI Express 4.0,285 Вт,16 pin,7680x4320,4,"поддержка CUDA, поддержка HDCP",необходимость дополнительного питания,21000 МГц,2310 МГц,
Видеокарта Palit GeForce GT 710 PA-GT710-2GD3H PCI-E 2048Mb DDR3 64 Bit OEM (NEAT7100HD46-2080H),5680,,игровая,2048 МБ,GDDR3,64 бит,"выход HDMI, выход VGA",28 нм,PCI Express 2.0,,,2560x1600,,,,1600 МГц,954 МГц,
"Неисправная видеокарта для Asus G750GX, G750JX_MXM_N14E-GS Rev:2.1, N14E-GS-A1 Nvidis GeForce GTX770 3Gb GDDR5 (с разбора)",13628,,,3072 МБ,GDDR5,,,,,,,,,,,,,
Видеокарта Asus PCI-E 4.0 ROG-STRIX-RX6650XT-O8G-GAMING AMD Radeon RX 6650XT 8192Mb 128 GDDR6 2382/16000 HDMIx1 DPx3 HDCP Ret,41593,,,8192 МБ,GDDR6,128 бит,выход HDMI,,PCI Express 4.0,,,7680x4320,,,,,,
"Видеокарта GIGABYTE GeForce RTX 3060 Ti GAMING OC 8G (GV-N306TGAMING OC-8GD) (rev. 1.0), Retail",69990,Retail,игровая,8192 МБ,GDDR6,256 бит,"выход DisplayPort x 2, выход HDMI x 2",8 нм,PCI Express 4.0,200 Вт,8 pin,7680x4320,4,,,14000 МГц,1740 МГц,
"Внешняя видеокарта MSI Radeon RX 6700 XT GAMING X 12GB, Retail",43990,Retail,игровая,12288 МБ,GDDR6,192 бит,"выход DisplayPort x 3, выход HDMI, выход HDMI x 4, интерфейс USB Type-C",7 нм,PCI Express 4.0,230 Вт,8 pin + 8 pin,7680x4320,4,"поддержка HDCP, поддержка Vulkan",внешняя видеокарта,16000 МГц,2321 МГц,поддержка SLI/CrossFire
Видеокарта Colorful RTX3050 NB DUO V2-V 8GB GDDR6 128bit HDMI+DP+DL-DVI,29600,,игровая,8192 МБ,GDDR6,128 бит,"выход DVI, выход DisplayPort, выход HDMI",,PCI Express 4.0,,6 pin,7680x4320,3,поддержка CUDA,,1552 МГц,1552 МГц,
"Видеокарта GIGABYTE Radeon RX 6900 XT 16GB (GV-R69XT-16GC-B), Retail",87099,Retail,игровая,16384 МБ,GDDR6,256 бит,"выход DisplayPort x 2, выход HDMI, интерфейс USB Type-C",7 нм,PCI Express 4.0,,8 pin + 8 pin,7680x4320,4,"поддержка HDCP, поддержка Vulkan, поддержка трассировки лучей",необходимость дополнительного питания,16000 МГц,2015 МГц,
Видеокарта MSI RTX4090 GAMING X TRIO 24GB,255315,Retail,игровая,24576 МБ,GDDR6X,384 бит,,4 нм,PCI Express 4.0,,16 pin,7680x4320,4,,,,,
Видеокарта COLORFUL GeForce GT 1030 4096Mb GT1030 4G-V,8175,,игровая,4096 МБ,GDDR4,64 бит,"выход HDMI, выход VGA",16 нм,PCI Express 3.0,,,3840x2160,2,,,1050 МГц,1152 МГц,
"Видеокарта GIGABYTE GeForce GTX 1650 (GV-N1650D5-4GL), Retail",24190,Retail,,4096 МБ,GDDR5,128 бит,"выход DVI, выход DisplayPort, выход HDMI",12 нм,PCI Express 3.0,,,7680x4320,3,,,8002 МГц,1665 МГц,
"Видеокарта GIGABYTE GeForce GTX 1650 (GV-N1650D5-4GL), Retail",24190,Retail,,4096 МБ,GDDR5,128 бит,"выход DVI, выход DisplayPort, выход HDMI",12 нм,PCI Express 3.0,,,7680x4320,3,,,8002 МГц,1665 МГц,
Видеокарта ASUS Radeon RX 560 4GB,14429,,игровая,4096 МБ,GDDR5,,выход DisplayPort x 2,14 нм,PCI-E 16x,,,,3,,,7000 МГц,1149 МГц,поддержка SLI/CrossFire
"Видеокарта Palit GeForce RTX 3090 GamingPro 24GB (NED3090019SB-132BA), Retail",74990,Retail,игровая,24576 МБ,GDDR6X,384 бит,"выход DisplayPort x 3, выход HDMI",8 нм,PCI Express 4.0,350 Вт,8 pin + 8 pin,7680x4320,4,,,19500 МГц,1395 МГц,поддержка NVLink
Видеокарта MSI GeForce GT 620 1 Гб DDR3,2900,,,1024 МБ,GDDR3,64 бит,выход VGA,,PCI Express 2.0,,,,,,,,,
Графический процессор NVIDIA TESLA T4 900-2G183-0000-000,194640,,профессиональная,16384 МБ,GDDR6,,,,,,,,,,,,,
Видеокарта HUAWEI ATLAS 300 32GB HH/HL (02312JPM),90799,,,32768 МБ,,,,,PCI Express 3.0,,,,,,,,,
"Видеокарта Palit GeForce GTX 1660 SUPER GP OC 6GB (NE6166SS18J9-1160A), Retail",27035,Retail,игровая,6144 МБ,GDDR6,192 бит,"выход DVI, выход DisplayPort, выход HDMI",12 нм,PCI Express 3.0,125 Вт,8 pin,7680x4320,3,"поддержка CUDA, поддержка Vulkan",необходимость дополнительного питания,14000 МГц,1530 МГц,
Видеокарта Radeon MSI HD5500 1GB,2100,,,1024 МБ,GDDR3,128 бит,,,PCI Express 2.1,,,,3,,,,,
Видеокарта ASUS ROG Strix GeForce RTX 4090 OC 24G,239990,,,24576 МБ,GDDR6X,384 бит,"выход DisplayPort x 3, выход HDMI",,,,16 pin,7680x4320,,,,2640 МГц,2235 МГц,
Видеокарта ASUS ROG Strix GeForce RTX 4090 OC 24G,239990,,,24576 МБ,GDDR6X,384 бит,"выход DisplayPort x 3, выход HDMI",,,,16 pin,7680x4320,,,,2640 МГц,2235 МГц,
Видеокарта Sapphire Pulse RX 6700XT Gaming Pulse,33800,,,12288 МБ,,,выход HDMI,,PCI Express 4.0,,,,,,,,,
Видеокарта MSI GeForce RTX 4070 VENTUS 2X OC 12G,77190,,,12288 МБ,GDDR6X,192 бит,"выход DisplayPort x 3, выход HDMI",,,,8 pin,,,,,,,
Видеокарта 12Gb PCI-E GDDR6 RADEON RX 6700XT XFX Speedster MERC319 HDMI+3xDP,33000,,,12288 МБ,GDDR6,,выход HDMI,,,,,,,,,,,
Видеокарта ASROCK INTEL Arc A750 CHALLENGER D OC 8G,30770,,,8192 МБ,GDDR6,256 бит,"выход DisplayPort x 2, выход HDMI",,,,8 pin + 8 pin,7680x4320,,,,16000 МГц,2200 МГц,
Видеокарта MSI GeForce RTX 4070 VENTUS 2X OC 12G,77190,,,12288 МБ,GDDR6X,192 бит,"выход DisplayPort x 3, выход HDMI",,,,8 pin,,,,,,,
Видеокарта OCPC GeForce GTX 1660 DUAL 6G,20430,,,6144 МБ,GDDR5,192 бит,"выход DVI, выход HDMI, выход VGA",,,,,,,,,,1530 МГц,
Видеокарта ASROCK INTEL Arc A750 CHALLENGER D OC 8G,30770,,,8192 МБ,GDDR6,256 бит,"выход DisplayPort x 2, выход HDMI",,,,8 pin + 8 pin,7680x4320,,,,16000 МГц,2200 МГц,
Видеокарта GIGABYTE GeForce GTX 1660 SUPER OC (GV-N166SOC-6GD Rev 1.0),29590,,,6144 МБ,GDDR6,192 бит,,,PCI Express 3.0,150 Вт,8 pin,7680x4320,4,,,,1530 МГц,
Видеокарта MSI GeForce RTX 4070 GAMING X TRIO 12G,82690,,,12288 МБ,GDDR6X,192 бит,"выход DisplayPort x 3, выход HDMI",,,,16 pin,7680x4320,,,,,,
Видеокарта OCPC GeForce GTX 1660 DUAL 6G,20430,,,6144 МБ,GDDR5,192 бит,"выход DVI, выход HDMI, выход VGA",,,,,,,,,,1530 МГц,
Видеокарта GIGABYTE GeForce RTX 4090 XTREME WATERFORCE 24G,205890,,,24576 МБ,GDDR6X,384 бит,"выход DisplayPort x 3, выход HDMI",,,,16 pin,7680x4320,,,,21000 МГц,2565 МГц,
"Видеокарта Asus ROG-STRIX-RTX4090-O24G-GAMING /RTX4090,HDMI*2,DP*3,24G,D6X",222222,,,24576 МБ,GDDR6X,384 бит,выход HDMI,4 нм,PCI Express 4.0,,,7680x4320,4,,,2510 МГц,2210 МГц,
Видеокарта MSI GeForce RTX 4070 GAMING X TRIO 12G,82690,,,12288 МБ,GDDR6X,192 бит,"выход DisplayPort x 3, выход HDMI",,,,16 pin,7680x4320,,,,,,
"Видеокарта GIGABYTE Intel Arc A310, GV-IA310WF2-4GD, 4Gb DDR6, 64bit, 2xHDMI/2xDP, 2xFan, RTL",11295,,,4096 МБ,GDDR6,64 бит,,,,,,,,,,,,
Видеокарта Gigabyte PCI-E 4.0 GV-N306TXEAGLE OC-8GD NV RTX3060Ti 8192Mb 256 GDDR6 1695/14000/HDMIx2/,59571,,,8192 МБ,GDDR6,,,,PCI Express 4.0,,,,,,,,,
Видеокарта Asus DUAL DUAL-RTX3060-O8G,28960,,,8192 МБ,,,выход HDMI,,PCI Express 4.0,,,,,,,,,
"Видеокарта ASUS GeForce GT 730 2GB (GT730-2GD3-BRK-EVO), Retail",7800,,,2048 МБ,DDR3,,выход HDMI,,,,,,,,,,,
"Видеокарта GIGABYTE Radeon RX 6800 XT GAMING OC 16GB (GV-R68XTGAMING OC-16GD), Retail",60627,Retail,игровая,16384 МБ,GDDR6,256 бит,"выход DisplayPort x 2, выход HDMI, выход HDMI x 2",7 нм,PCI Express 4.0,,8 pin + 8 pin,7680x4320,4,поддержка трассировки лучей,,16000 МГц,2285 МГц,
"Видеокарта GIGABYTE GeForce GTX 1650 D6 4G (rev. 2.0) (GV-N1656D6-4GD), Retail",16490,Retail,,4096 МБ,GDDR6,128 бит,"выход DVI, выход DisplayPort, выход HDMI",12 нм,PCI Express 3.0,,6 pin,7680x4320,3,"поддержка CUDA, поддержка Vulkan",необходимость дополнительного питания,12000 МГц,1590 МГц,
Видеокарта ASRock RX7900XTX Taichi 24G OC,128205,,игровая,24000 МБ,GDDR6,384 бит,"выход DisplayPort x 3, выход HDMI",,PCI Express 4.0,,,7680x4320,4,,,,2510 МГц,
Видеокарта ZOTAC GeForce RTX 3070Ti AMP EXTREME HOLO 8GB (ZT-A30710B-10P),64290,,игровая,8192 МБ,GDDR6X,256 бит,выход HDMI,,PCI Express 4.0,,8 pin + 8 pin,7680x4320,4,,,,,
Видеокарта Introducing AMD Instinct MI100 accelerator Instinct MI100 Graphic Card,554380,OEM,,32768 МБ,HBM2,4096 бит,,,PCI Express 4.0,,,,,,,,,
"Видеокарта MSI RX 7900 XT GAMING TRIO CLASSIC 20G, Retail",92700,Retail,игровая,20480 МБ,GDDR6,320 бит,"выход DisplayPort x 3, выход HDMI",5 нм,PCI Express 4.0,315 Вт,8 pin+8 pin+8 pin,7680x4320,4,"поддержка HDCP, поддержка Vulkan",необходимость дополнительного питания,20000 МГц,2400 МГц,
"Видеокарта MSI GeForce RTX 3060 Ti TWIN FAN 8GB, Retail",50533,Retail,игровая,8192 МБ,GDDR6,256 бит,"выход DisplayPort x 3, выход HDMI",8 нм,PCI Express 4.0,200 Вт,8 pin,7680x4320,4,,,14000 МГц,1665 МГц,
Видеокарта PCIE16 GT730 1GB DDR3 AF730-1024D3L3-V3 AFOX,4340,,,1024 МБ,,64 бит,выход VGA,,,,,,,,,900 МГц,,
Sapphire RX6950XT GAMING OC 16GB GDDR6 256-bit HDMI DPx3 LITE 11317-02-20G,87749,,,,GDDR6,256 бит,,,,,,,,,,18000 МГц,,
"Видеокарта PowerColor Radeon RX 6400 Low Profile 4GB (AXRX 6400 LP 4GBD6-DH), Retail",16215,Retail,,4096 МБ,GDDR6,64 бит,"выход DisplayPort, выход HDMI",6 нм,PCI Express 4.0,,,7680x4320,2,поддержка Vulkan,низкопрофильная карта (Low Profile),16000 МГц,2321 МГц,
"Видеокарта NVIDIA Quadro T400 4GB, Retail",20680,Retail,профессиональная,4096 МБ,GDDR6,64 бит,выход Mini DisplayPort x 3,14 нм,PCI Express 3.0,30 Вт,,7680x4320,3,"поддержка CUDA, поддержка HDCP, поддержка Vulkan",низкопрофильная карта (Low Profile),,,
"Видеокарта AFOX GeForce GT 710 1Gb (AF710-1024D3L8), Retail",4100,Retail,игровая,1024 МБ,GDDR3,64 бит,"выход DVI, выход HDMI, выход VGA",28 нм,PCI Express 2.0,19 Вт,,2560x1600,2,,,1333 МГц,954 МГц,
Видеокарта NVIDIA GeForce RTX 3090 Founders Edition 24 ГБ GDDR 6,110000,,игровая,24576 МБ,GDDR6,384 бит,,8 нм,PCI Express 4.0,,,7680x4320,,,,19500 МГц,1400 МГц,
Видеокарта Gainward GTS 450 1GB DDR3,4375,,,1024 МБ,DDR3,128 бит,выход HDMI,40 нм,,,6 pin,2560x1600,,,,902 МГц,783 МГц,
Видеокарта Sparkle GeForce 9600 GT 650Mhz PCI-E 2.0 512Mb 1800Mhz 256 bit 2xDVI TV HDCP YPrPb SPDIF,1170,,,512 МБ,GDDR3,256 бит,выход DVI x 2,65 нм,PCI Express 2.0,,,2560x1600,2,поддержка CUDA,необходимость дополнительного питания,1800 МГц,650 МГц,поддержка SLI/CrossFire
Видеокарта ASUS ROG Strix GeForce RTX 4090 OC 24G,239990,,,24576 МБ,GDDR6X,384 бит,"выход DisplayPort x 3, выход HDMI",,,,16 pin,7680x4320,,,,2640 МГц,2235 МГц,
Видеокарта ASUS ROG Strix GeForce RTX 4090 OC 24G,239990,,,24576 МБ,GDDR6X,384 бит,"выход DisplayPort x 3, выход HDMI",,,,16 pin,7680x4320,,,,2640 МГц,2235 МГц,
Видеокарта Sapphire Pulse RX 6700XT Gaming Pulse,33800,,,12288 МБ,,,выход HDMI,,PCI Express 4.0,,,,,,,,,
Видеокарта MSI GeForce RTX 4070 VENTUS 2X OC 12G,77190,,,12288 МБ,GDDR6X,192 бит,"выход DisplayPort x 3, выход HDMI",,,,8 pin,,,,,,,
Видеокарта MSI GeForce RTX 4070 VENTUS 2X OC 12G,77190,,,12288 МБ,GDDR6X,192 бит,"выход DisplayPort x 3, выход HDMI",,,,8 pin,,,,,,,
Видеокарта 12Gb PCI-E GDDR6 RADEON RX 6700XT XFX Speedster MERC319 HDMI+3xDP,33000,,,12288 МБ,GDDR6,,выход HDMI,,,,,,,,,,,
Видеокарта ASROCK INTEL Arc A750 CHALLENGER D OC 8G,30770,,,8192 МБ,GDDR6,256 бит,"выход DisplayPort x 2, выход HDMI",,,,8 pin + 8 pin,7680x4320,,,,16000 МГц,2200 МГц,
Видеокарта MSI GeForce RTX 4070 VENTUS 2X OC 12G,77190,,,12288 МБ,GDDR6X,192 бит,"выход DisplayPort x 3, выход HDMI",,,,8 pin,,,,,,,
Видеокарта OCPC GeForce GTX 1660 DUAL 6G,20430,,,6144 МБ,GDDR5,192 бит,"выход DVI, выход HDMI, выход VGA",,,,,,,,,,1530 МГц,
Видеокарта PALIT GeForce RTX 4070 DUAL OC 12G,74550,,,12288 МБ,GDDR6X,192 бит,"выход DisplayPort x 3, выход HDMI",,,,8 pin,7680x4320,,,,21000 МГц,1920 МГц,
Видеокарта ASROCK INTEL Arc A750 CHALLENGER D OC 8G,30770,,,8192 МБ,GDDR6,256 бит,"выход DisplayPort x 2, выход HDMI",,,,8 pin + 8 pin,7680x4320,,,,16000 МГц,2200 МГц,
Видеокарта GIGABYTE GeForce GTX 1660 SUPER OC (GV-N166SOC-6GD Rev 1.0),29590,,,6144 МБ,GDDR6,192 бит,,,PCI Express 3.0,150 Вт,8 pin,7680x4320,4,,,,1530 МГц,
Видеокарта MSI GeForce RTX 4070 GAMING X TRIO 12G,82690,,,12288 МБ,GDDR6X,192 бит,"выход DisplayPort x 3, выход HDMI",,,,16 pin,7680x4320,,,,,,
Видеокарта OCPC GeForce GTX 1660 DUAL 6G,20430,,,6144 МБ,GDDR5,192 бит,"выход DVI, выход HDMI, выход VGA",,,,,,,,,,1530 МГц,
Видеокарта GIGABYTE GeForce RTX 4090 XTREME WATERFORCE 24G,205890,,,24576 МБ,GDDR6X,384 бит,"выход DisplayPort x 3, выход HDMI",,,,16 pin,7680x4320,,,,21000 МГц,2565 МГц,
"Видеокарта Asus ROG-STRIX-RTX4090-O24G-GAMING /RTX4090,HDMI*2,DP*3,24G,D6X",222222,,,24576 МБ,GDDR6X,384 бит,выход HDMI,4 нм,PCI Express 4.0,,,7680x4320,4,,,2510 МГц,2210 МГц,
Видеокарта PALIT GeForce RTX 4070 DUAL OC 12G,74550,,,12288 МБ,GDDR6X,192 бит,"выход DisplayPort x 3, выход HDMI",,,,8 pin,7680x4320,,,,21000 МГц,1920 МГц,
"Видеокарта GIGABYTE Intel Arc A310, GV-IA310WF2-4GD, 4Gb DDR6, 64bit, 2xHDMI/2xDP, 2xFan, RTL",11295,,,4096 МБ,GDDR6,64 бит,,,,,,,,,,,,
Видеокарта PALIT GeForce RTX 4070 DUAL OC 12G,74550,,,12288 МБ,GDDR6X,192 бит,"выход DisplayPort x 3, выход HDMI",,,,8 pin,7680x4320,,,,21000 МГц,1920 МГц,
Видеокарта Gigabyte PCI-E 4.0 GV-N306TXEAGLE OC-8GD NV RTX3060Ti 8192Mb 256 GDDR6 1695/14000/HDMIx2/,59571,,,8192 МБ,GDDR6,,,,PCI Express 4.0,,,,,,,,,
Видеокарта MSI GeForce RTX 4070 GAMING X TRIO 12G,82690,,,12288 МБ,GDDR6X,192 бит,"выход DisplayPort x 3, выход HDMI",,,,16 pin,7680x4320,,,,,,
NVIDIA GeForce RTX 2060 SUPER 8 gb,21990,,,8192 МБ,GDDR6,,"выход DVI, выход HDMI",,,,,7680x4320,,,,,,
Видеокарта Ninja GTX1660Ti 6GB PCIE (1536SP) 192BIT GDDR6 (DVI/HDMI/DP),21190,,,6144 МБ,GDDR6,,"выход DVI, выход DisplayPort, выход HDMI",,,,,7680x4320,4,,,,1500 МГц,
Видеокарта MSI GeForce RTX 4090 SUPRIM X CLASSIC 24G,194890,,,24576 МБ,GDDR6X,384 бит,"выход DisplayPort x 3, выход HDMI",,,,16 pin,7680x4320,,,,,,
Видеокарта MSI GeForce RTX 4070 VENTUS 3X 12G,79390,,,12288 МБ,GDDR6X,192 бит,"выход DisplayPort x 3, выход HDMI",,,,8 pin,7680x4320,,,,,,
Видеокарта SAPPHIRE Radeon RX 6600 PULSE OEM 8G,29890,,,8192 МБ,GDDR6,128 бит,"выход DisplayPort, выход HDMI",,,,8 pin,7680x4320,,,,14000 МГц,1400 МГц,
Видеокарта Colorful P106-100 6GB 6 ГБ,3400,,,6144 МБ,,,,,,70 Вт,,,,,,,,
Видеокарта Palit StormX RTX3060 StormX 8GB,25344,,,8192 МБ,,,выход HDMI,,PCI Express 4.0,,,,,,,,,
Видеокарта galaxy GeForce GTX 1660 SUPER 6 ГБ,18500,,,6144 МБ,GDDR6,192 бит,"выход DVI, выход HDMI",,,450 Вт,8 pin,7680x4320,,,,1785 МГц,,
Видеокарта NVIDIA GeForce RTX 3060 Ti Gigabyte 8Gb (GV-N306TXGAMING OC-8GD),46630,,,8192 МБ,GDDR6X,256 бит,"выход DisplayPort x 2, выход HDMI x 2",8 нм,PCI Express 4.0,,8 pin + 8 pin,7680x4320,4,,,1755 МГц,1410 МГц,
Видеокарта MSI GeForce RTX 4070 VENTUS 3X 12G,79390,,,12288 МБ,GDDR6X,192 бит,"выход DisplayPort x 3, выход HDMI",,,,8 pin,7680x4320,,,,,,
Видеокарта 12Gb PCI-E GDDR6 RADEON RX 6700XT XFX Speedster MERC319 HDMI+3xDP,33000,,,12288 МБ,GDDR6,,выход HDMI,,,,,,,,,,,
Видеокарта ASROCK INTEL Arc A750 CHALLENGER D OC 8G,30770,,,8192 МБ,GDDR6,256 бит,"выход DisplayPort x 2, выход HDMI",,,,8 pin + 8 pin,7680x4320,,,,16000 МГц,2200 МГц,
Видеокарта MSI GeForce RTX 4070 VENTUS 2X OC 12G,77190,,,12288 МБ,GDDR6X,192 бит,"выход DisplayPort x 3, выход HDMI",,,,8 pin,,,,,,,
Видеокарта OCPC GeForce GTX 1660 DUAL 6G,20430,,,6144 МБ,GDDR5,192 бит,"выход DVI, выход HDMI, выход VGA",,,,,,,,,,1530 МГц,
Видеокарта PALIT GeForce RTX 4070 DUAL OC 12G,74550,,,12288 МБ,GDDR6X,192 бит,"выход DisplayPort x 3, выход HDMI",,,,8 pin,7680x4320,,,,21000 МГц,1920 МГц,
Видеокарта ASROCK INTEL Arc A750 CHALLENGER D OC 8G,30770,,,8192 МБ,GDDR6,256 бит,"выход DisplayPort x 2, выход HDMI",,,,8 pin + 8 pin,7680x4320,,,,16000 МГц,2200 МГц,
Видеокарта GIGABYTE GeForce GTX 1660 SUPER OC (GV-N166SOC-6GD Rev 1.0),29590,,,6144 МБ,GDDR6,192 бит,,,PCI Express 3.0,150 Вт,8 pin,7680x4320,4,,,,1530 МГц,
Видеокарта MSI GeForce RTX 4070 GAMING X TRIO 12G,82690,,,12288 МБ,GDDR6X,192 бит,"выход DisplayPort x 3, выход HDMI",,,,16 pin,7680x4320,,,,,,
Видеокарта OCPC GeForce GTX 1660 DUAL 6G,20430,,,6144 МБ,GDDR5,192 бит,"выход DVI, выход HDMI, выход VGA",,,,,,,,,,1530 МГц,
"Видеокарта Asus ROG-STRIX-RTX4090-O24G-GAMING /RTX4090,HDMI*2,DP*3,24G,D6X",222222,,,24576 МБ,GDDR6X,384 бит,выход HDMI,4 нм,PCI Express 4.0,,,7680x4320,4,,,2510 МГц,2210 МГц,
Видеокарта MSI GeForce RTX 4070 GAMING X TRIO 12G,82690,,,12288 МБ,GDDR6X,192 бит,"выход DisplayPort x 3, выход HDMI",,,,16 pin,7680x4320,,,,,,
"Видеокарта GIGABYTE Intel Arc A310, GV-IA310WF2-4GD, 4Gb DDR6, 64bit, 2xHDMI/2xDP, 2xFan, RTL",11295,,,4096 МБ,GDDR6,64 бит,,,,,,,,,,,,
Видеокарта PALIT GeForce RTX 4070 DUAL OC 12G,74550,,,12288 МБ,GDDR6X,192 бит,"выход DisplayPort x 3, выход HDMI",,,,8 pin,7680x4320,,,,21000 МГц,1920 МГц,
Видеокарта Gigabyte PCI-E 4.0 GV-N306TXEAGLE OC-8GD NV RTX3060Ti 8192Mb 256 GDDR6 1695/14000/HDMIx2/,59571,,,8192 МБ,GDDR6,,,,PCI Express 4.0,,,,,,,,,
Видеокарта MSI GeForce RTX 4070 GAMING X TRIO 12G,82690,,,12288 МБ,GDDR6X,192 бит,"выход DisplayPort x 3, выход HDMI",,,,16 pin,7680x4320,,,,,,
NVIDIA GeForce RTX 2060 SUPER 8 gb,21990,,,8192 МБ,GDDR6,,"выход DVI, выход HDMI",,,,,7680x4320,,,,,,
Видеокарта Ninja GTX1660Ti 6GB PCIE (1536SP) 192BIT GDDR6 (DVI/HDMI/DP),21190,,,6144 МБ,GDDR6,,"выход DVI, выход DisplayPort, выход HDMI",,,,,7680x4320,4,,,,1500 МГц,
Видеокарта MSI GeForce RTX 4090 SUPRIM X CLASSIC 24G,194890,,,24576 МБ,GDDR6X,384 бит,"выход DisplayPort x 3, выход HDMI",,,,16 pin,7680x4320,,,,,,
Видеокарта MSI GeForce RTX 4070 VENTUS 3X 12G,79390,,,12288 МБ,GDDR6X,192 бит,"выход DisplayPort x 3, выход HDMI",,,,8 pin,7680x4320,,,,,,
Видеокарта SAPPHIRE Radeon RX 6600 PULSE OEM 8G,29890,,,8192 МБ,GDDR6,128 бит,"выход DisplayPort, выход HDMI",,,,8 pin,7680x4320,,,,14000 МГц,1400 МГц,
Видеокарта galaxy GeForce GTX 1660 SUPER 6 ГБ,18500,,,6144 МБ,GDDR6,192 бит,"выход DVI, выход HDMI",,,450 Вт,8 pin,7680x4320,,,,1785 МГц,,
Видеокарта NVIDIA GeForce RTX 3060 Ti Gigabyte 8Gb (GV-N306TXGAMING OC-8GD),46630,,,8192 МБ,GDDR6X,256 бит,"выход DisplayPort x 2, выход HDMI x 2",8 нм,PCI Express 4.0,,8 pin + 8 pin,7680x4320,4,,,1755 МГц,1410 МГц,
Видеокарта MSI GeForce RTX 4070 VENTUS 3X 12G,79390,,,12288 МБ,GDDR6X,192 бит,"выход DisplayPort x 3, выход HDMI",,,,8 pin,7680x4320,,,,,,
Видеокарта MSI GeForce RTX 4090 SUPRIM X CLASSIC 24G,194890,,,24576 МБ,GDDR6X,384 бит,"выход DisplayPort x 3, выход HDMI",,,,16 pin,7680x4320,,,,,,
Видеокарта SAPPHIRE Radeon RX 6600 PULSE OEM 8G,29890,,,8192 МБ,GDDR6,128 бит,"выход DisplayPort, выход HDMI",,,,8 pin,7680x4320,,,,14000 МГц,1400 МГц,
Видеокарта MSI GeForce RTX 4070 VENTUS 3X 12G,79390,,,12288 МБ,GDDR6X,192 бит,"выход DisplayPort x 3, выход HDMI",,,,8 pin,7680x4320,,,,,,
Видеокарта GIGABYTE GeForce RTX 4090 AERO OC 24G,187190,,,24576 МБ,GDDR6X,384 бит,"выход DisplayPort x 3, выход HDMI",,,,16 pin,7680x4320,,,,21000 МГц,2535 МГц,
Видеокарта NVIDIA GeForce RTX 3060 Ti ASUS 8Gb (TUF-RTX3060TI-O8GD6X-GAMING),48450,,,8192 МБ,GDDR6X,256 бит,"выход DisplayPort x 3, выход HDMI x 2",8 нм,PCI Express 4.0,,8 pin + 8 pin,7680x4320,4,,,1785 МГц,1410 МГц,
Видеокарта SAPPHIRE Radeon RX 6600 PULSE OEM 8G,29890,,,8192 МБ,GDDR6,128 бит,"выход DisplayPort, выход HDMI",,,,8 pin,7680x4320,,,,14000 МГц,1400 МГц,
"Видеокарта Afox GTX1660TI 6GB GDDR6 192BIT DP DVI HDMI ATX, черный (AF1660TI-6144D6H4)",21990,,,6144 МБ,GDDR6,,"выход DVI, выход HDMI",,,,,,,,,1770 МГц,1500 МГц,
Видеокарта NVIDIA GeForce GT 730 OCPC 4Gb (OCVNGT730G4),4480,,,4096 МБ,DDR3,64 бит,"выход DVI, выход HDMI, выход VGA",28 нм,PCI Express 2.0,,,4096x2160,2,,,1800 МГц,902 МГц,
Видеокарта MSI GeForce RTX 4070 VENTUS 3X 12G,79390,,,12288 МБ,GDDR6X,192 бит,"выход DisplayPort x 3, выход HDMI",,,,8 pin,7680x4320,,,,,,
Видеокарта MSI GeForce RTX 4070 VENTUS 3X OC 12G,78290,,,12288 МБ,GDDR6X,192 бит,"выход DisplayPort x 3, выход HDMI",,,,8 pin,7680x4320,,,,,,
Видеокарта Gigabyte Gaming GV-N306TXGAMING OC-8GD,44261,,,8192 МБ,GDDR6X,,,,PCI Express 4.0,,,,,,,,,
"Подставка для видеокарты (Вертикальный держатель (кронштейн) для NVIDIA , AMD Radeon, планка для видеокарты, черный)",719₽,,,,,,,,,,,,,,,,,
Видеокарта MSI GeForce RTX 4070 VENTUS 3X OC 12G,78290,,,12288 МБ,GDDR6X,192 бит,"выход DisplayPort x 3, выход HDMI",,,,8 pin,7680x4320,,,,,,
"Видеокарта Gigabyte GeForce RTX 4070 12288Mb, Aero OC 12 Gb (GV-N4070AERO OC-12GD) 1xHDMI, 3xDP, Ret",78490,,,12288 МБ,GDDR6X,,интерфейс USB Type-C,,,,8 pin,7680x4320,4,,,,2565 МГц,
Видеокарта Afox RTX2060 6GB GDDR6 192BIT DP DVI HDMI ATX DUAL FAN RETAIL PACK,22790,,,6144 МБ,GDDR6,192 бит,"выход DVI, выход HDMI",12 нм,PCI Express 3.0,,8 pin,3840x2160,4,,,1365 МГц,1365 МГц,
Видеокарта GIGABYTE Arc A380 GAMING OC 6G,18730,,,6144 МБ,GDDR6,96 бит,"выход DisplayPort x 3, выход HDMI",,,,6 pin,7680x4320,,,,,,
Видеокарта Afox GTX1050Ti 4GB GDDR5 128BIT DVI HDMI DP ATX DUAL FAN,12990,,,4096 МБ,GDDR5,128 бит,"выход DVI, выход HDMI",14 нм,PCI Express 3.0,,,3840x2160,3,,,1291 МГц,1291 МГц,
"Видеокарта Gigabyte GeForce RTX 4070 12288Mb, Aero OC 12 Gb (GV-N4070AERO OC-12GD) 1xHDMI, 3xDP, Ret",84650,,,12288 МБ,GDDR6X,,интерфейс USB Type-C,,,,8 pin,7680x4320,4,,,,2565 МГц,
Видеокарта GIGABYTE GeForce RTX 4090 AERO OC 24G,187190,,,24576 МБ,GDDR6X,384 бит,"выход DisplayPort x 3, выход HDMI",,,,16 pin,7680x4320,,,,21000 МГц,2535 МГц,
Видеокарта KFA2 GeForce RTX 3060 CORE 8G,32090,,,8192 МБ,GDDR6,128 бит,"выход DisplayPort, выход HDMI",,,,8 pin,7680x4320,,,,,1777 МГц,
Видеокарта KFA2 GeForce RTX 3060 CORE 8G,32090,,,8192 МБ,GDDR6,128 бит,"выход DisplayPort, выход HDMI",,,,8 pin,7680x4320,,,,,1777 МГц,
Видеокарта MSI GeForce RTX 4070 VENTUS 3X OC 12G,78290,,,12288 МБ,GDDR6X,192 бит,"выход DisplayPort x 3, выход HDMI",,,,8 pin,7680x4320,,,,,,
Видеокарта KFA2 GeForce RTX 3060 CORE 8G,32090,,,8192 МБ,GDDR6,128 бит,"выход DisplayPort, выход HDMI",,,,8 pin,7680x4320,,,,,1777 МГц,
"Видеокарта Asus TUF-RTX3060TI-O8GD6X-GAMING /RTX3060TI,HDMI*2,DP*3,8G,D6X",51956,,,8192 МБ,GDDR6X,256 бит,выход HDMI,8 нм,PCI Express 4.0,,8 pin + 8 pin,7680x4320,4,,,1670 МГц,1410 МГц,
Видеокарта GIGABYTE GeForce RTX 4090 AERO OC 24G,187190,,,24576 МБ,GDDR6X,384 бит,"выход DisplayPort x 3, выход HDMI",,,,16 pin,7680x4320,,,,21000 МГц,2535 МГц,
Видеокарта MSI GeForce RTX 4090 SUPRIM X CLASSIC 24G,194890,,,24576 МБ,GDDR6X,384 бит,"выход DisplayPort x 3, выход HDMI",,,,16 pin,7680x4320,,,,,,
"Видеокарта Afox GTX1660TI 6GB GDDR6 192BIT DP DVI HDMI ATX, черный (AF1660TI-6144D6H4)",21990,,,6144 МБ,GDDR6,,"выход DVI, выход HDMI",,,,,,,,,1770 МГц,1500 МГц,
Видеокарта NVIDIA GeForce GT 730 OCPC 4Gb (OCVNGT730G4),4480,,,4096 МБ,DDR3,64 бит,"выход DVI, выход HDMI, выход VGA",28 нм,PCI Express 2.0,,,4096x2160,2,,,1800 МГц,902 МГц,
Видеокарта MSI GeForce RTX 4070 VENTUS 3X 12G,79390,,,12288 МБ,GDDR6X,192 бит,"выход DisplayPort x 3, выход HDMI",,,,8 pin,7680x4320,,,,,,
Видеокарта MSI GeForce RTX 4070 VENTUS 3X OC 12G,78290,,,12288 МБ,GDDR6X,192 бит,"выход DisplayPort x 3, выход HDMI",,,,8 pin,7680x4320,,,,,,
Видеокарта Gigabyte Gaming GV-N306TXGAMING OC-8GD,44261,,,8192 МБ,GDDR6X,,,,PCI Express 4.0,,,,,,,,,
"Подставка для видеокарты (Вертикальный держатель (кронштейн) для NVIDIA , AMD Radeon, планка для видеокарты, черный)",719₽,,,,,,,,,,,,,,,,,
Видеокарта MSI GeForce RTX 4070 VENTUS 3X OC 12G,78290,,,12288 МБ,GDDR6X,192 бит,"выход DisplayPort x 3, выход HDMI",,,,8 pin,7680x4320,,,,,,
"Видеокарта Gigabyte GeForce RTX 4070 12288Mb, Aero OC 12 Gb (GV-N4070AERO OC-12GD) 1xHDMI, 3xDP, Ret",78490,,,12288 МБ,GDDR6X,,интерфейс USB Type-C,,,,8 pin,7680x4320,4,,,,2565 МГц,
Видеокарта Afox RTX2060 6GB GDDR6 192BIT DP DVI HDMI ATX DUAL FAN RETAIL PACK,22790,,,6144 МБ,GDDR6,192 бит,"выход DVI, выход HDMI",12 нм,PCI Express 3.0,,8 pin,3840x2160,4,,,1365 МГц,1365 МГц,
Видеокарта GIGABYTE Arc A380 GAMING OC 6G,18730,,,6144 МБ,GDDR6,96 бит,"выход DisplayPort x 3, выход HDMI",,,,6 pin,7680x4320,,,,,,
Видеокарта Afox GTX1050Ti 4GB GDDR5 128BIT DVI HDMI DP ATX DUAL FAN,12990,,,4096 МБ,GDDR5,128 бит,"выход DVI, выход HDMI",14 нм,PCI Express 3.0,,,3840x2160,3,,,1291 МГц,1291 МГц,
"Видеокарта Gigabyte GeForce RTX 4070 12288Mb, Aero OC 12 Gb (GV-N4070AERO OC-12GD) 1xHDMI, 3xDP, Ret",84650,,,12288 МБ,GDDR6X,,интерфейс USB Type-C,,,,8 pin,7680x4320,4,,,,2565 МГц,
Видеокарта GIGABYTE GeForce RTX 4090 AERO OC 24G,187190,,,24576 МБ,GDDR6X,384 бит,"выход DisplayPort x 3, выход HDMI",,,,16 pin,7680x4320,,,,21000 МГц,2535 МГц,
Видеокарта MSI GeForce RTX 4070 VENTUS 3X OC 12G,78290,,,12288 МБ,GDDR6X,192 бит,"выход DisplayPort x 3, выход HDMI",,,,8 pin,7680x4320,,,,,,
Видеокарта KFA2 GeForce RTX 3060 CORE 8G,32090,,,8192 МБ,GDDR6,128 бит,"выход DisplayPort, выход HDMI",,,,8 pin,7680x4320,,,,,1777 МГц,
Видеокарта KFA2 GeForce RTX 3060 CORE 8G,32090,,,8192 МБ,GDDR6,128 бит,"выход DisplayPort, выход HDMI",,,,8 pin,7680x4320,,,,,1777 МГц,
Видеокарта KFA2 GeForce RTX 3060 CORE 8G,32090,,,8192 МБ,GDDR6,128 бит,"выход DisplayPort, выход HDMI",,,,8 pin,7680x4320,,,,,1777 МГц,
"Видеокарта Asus TUF-RTX3060TI-O8GD6X-GAMING /RTX3060TI,HDMI*2,DP*3,8G,D6X",51956,,,8192 МБ,GDDR6X,256 бит,выход HDMI,8 нм,PCI Express 4.0,,8 pin + 8 pin,7680x4320,4,,,1670 МГц,1410 МГц,
Видеокарта AGP BFG 3D Fuzion 3DFR4000 128MB raphic Card DDR 64-bit AGP 4X/8X,890₽,,,128 МБ,,64 бит,,,AGP,,,,,,,,,
Видеокарта KFA2 GeForce RTX 3060 CORE 8G,32090,,,8192 МБ,GDDR6,128 бит,"выход DisplayPort, выход HDMI",,,,8 pin,7680x4320,,,,,1777 МГц,
"Видеокарта Gigabyte GeForce RTX 4070 12288Mb, Aero OC 12 Gb (GV-N4070AERO OC-12GD) 1xHDMI, 3xDP, Ret",78490,,,12288 МБ,GDDR6X,,интерфейс USB Type-C,,,,8 pin,7680x4320,4,,,,2565 МГц,
Видеокарта Asus DUAL-RTX3060TI-O8G-V2 8GB (90YV0G1J-M0NA00) LHR,50469,,,8192 МБ,GDDR6,256 бит,"выход DisplayPort x 3, выход HDMI x 2",8 нм,PCI Express 4.0,,,7680x4320,,,,14000 МГц,1710 МГц,
Видеокарта PCIE16 RTX3060TI 8GB LHR RTX3060TI GAM ZTRIO 8G LHR MSI,40990,,,8192 МБ,,,,,,,,,,,,,,
Видеокарта Gigabyte Gaming GV-N306TXGAMING OC-8GD,35810,,,8192 МБ,GDDR6X,,,,PCI Express 4.0,,,,,,,,,
Видеокарта Gigabyte PCI-E 4.0 GV-IA310WF2-4GD INTEL Arc A380 WindForce 6144Mb 64 GDDR6 2039/16000 HDMIx1 DPx1 HDCP Ret,13200,,,6144 МБ,GDDR6,64 бит,,,PCI Express 4.0,,,,,,,,,
Видеокарта GIGABYTE GeForce RTX 3060 Ti GAMING OC D6X 8G,49690,,,8192 МБ,GDDR6X,256 бит,"выход DisplayPort x 2, выход HDMI",,,,8 pin + 8 pin,7680x4320,,,,19000 МГц,1410 МГц,
Видеокарта GIGABYTE GeForce RTX 3060 Ti GAMING OC D6X 8G,49690,,,8192 МБ,GDDR6X,256 бит,"выход DisplayPort x 2, выход HDMI",,,,8 pin + 8 pin,7680x4320,,,,19000 МГц,1410 МГц,
Видеокарта Palit StormX RTX3060 StormX 8GB,33911,,,8192 МБ,,,выход HDMI,,PCI Express 4.0,,,,,,,,,
Видеокарта Msi VENTUS XS GTX 1630 VENTUS XS 4G,14737,,,4096 МБ,GDDR6,,"выход DVI, выход DisplayPort, выход HDMI",,PCI Express 3.0,,,,,,,,,
"Видеокарта Asus PH-GTX1650-O4GD6-P-V2 /GTX1650,DVI,HDMI,DP,4G,D6",20391,,,4096 МБ,GDDR6,128 бит,"выход DVI, выход HDMI",12 нм,PCI Express 3.0,,6 pin,7680x4320,3,,,1410 МГц,1410 МГц,
Видеокарта Msi GAMING Z TRIO RTX 3060 Ti GAMING Z TRIO 8G,52406,,,8192 МБ,,,выход HDMI,,PCI Express 4.0,,,,,,,,,
Видеокарта GIGABYTE Radeon RX 7900 XT 20G,98730,,,20480 МБ,GDDR6,320 бит,"выход DisplayPort x 2, выход HDMI, интерфейс USB Type-C",,,,8 pin + 8 pin,7680x4320,,,,2400 МГц,2000 МГц,
Видеокарта PCI-E nVidia MSI RTX 3050 Gaming X 8G 8192Mb GDDR6 ( RTX 3050 Gaming X 8G) Ret,31190,,,8192 МБ,GDDR6,,,,,,,7680x4320,,,,,,
Видеокарта NVIDIA GeForce RTX 4070 MSI 12Gb (RTX 4070 GAMING X TRIO 12G),90230,,,12288 МБ,GDDR6X,192 бит,"выход DisplayPort x 3, выход HDMI",5 нм,PCI Express 4.0,,16 pin,7680x4320,4,,,2610 МГц,1920 МГц,
Видеокарта PALIT GeForce RTX 4070 GAMINGPRO 12G,79830,,,12288 МБ,GDDR6X,192 бит,"выход DisplayPort x 3, выход HDMI",,,,16 pin,7680x4320,,,,21000 МГц,1920 МГц,
Видеокарта Inno3D nVidia GeForce RTX 3080 10Gb CMP-90HX MCMP90X3M,65367,,,10240 МБ,GDDR6X,,,,,,,,,,,,,
Видеокарта Palit StormX RTX3060 StormX 8GB,33911,,,8192 МБ,,,выход HDMI,,PCI Express 4.0,,,,,,,,,
"Система охлаждения видеокарты в сборе Asus nVidia DUAL-GTX1060-3G, nVidia DUAL-GTX1060-6G, nVidia DUAL-GTX1060-O3G, nVidia DUAL-GTX1060-O6G",3672,,,,,,,,,,,,,,,,,
Видеокарта SINOTEX Ninja Radeon RX 580 8G,14160,,,8192 МБ,GDDR5,256 бит,"выход DVI, выход DisplayPort, выход HDMI",,,,8 pin,,,,,1304 МГц,1167 МГц,
"Система охлаждения видеокарты в сборе Asus Graphics card ATI ROG-STRIX-RX570-4G-GAMING, ATI ROG-STRIX-RX570-O4G-GAMING, ATI STRIX-RX470-O4G-GAMING",3591,,,,,,,,,,,,,,,,,
Видеокарта SINOTEX Ninja Radeon RX 580 8G,14160,,,8192 МБ,GDDR5,256 бит,"выход DVI, выход DisplayPort, выход HDMI",,,,8 pin,,,,,1304 МГц,1167 МГц,
Видеокарта Asus Radeon RX 560 ROG Strix 4Gb V2,15959,,,4096 МБ,GDDR5,,"выход DVI, выход DisplayPort, выход HDMI",,,400 Вт,,5120x2880,,,,1275 МГц,1285 МГц,
Видеокарта nVidia GeForce RTX3060 Gigabyte 12Gb (GV-N3060GAMING OC-12GD V2.0 LHR),38990,,,12288 МБ,,,,,,,,,,,,,,
Видеокарта INNO3D nVidia RTX 3080 CMP-90HX X3M 10GB GDDR6X 320bit OEM (MCMP90X3M),58990,,,10240 МБ,GDDR6X,,,,,,,,,,,,,
Видеокарта PowerColor AMD Radeon RX 6650 XT Hellhound Spectral White 8Gb (AXRX 6650XT 8GBD6-3DHLV2/OC),31179,,,8192 МБ,GDDR6,,"выход DisplayPort, выход HDMI",,PCI Express 4.0,600 Вт,8 pin,7680x4320,,,,,2486 МГц,
Видеокарта Gainward GeForce® GTX 750 2GB,6166,,,2048 МБ,,,,,,,,,,,,,,
Видеокарта GIGABYTE GeForce RTX 4070 Ti AORUS MASTER 12G,102490,,,12288 МБ,GDDR6X,192 бит,"выход DisplayPort x 3, выход HDMI",,PCI Express 4.0,,16 pin,7680x4320,,,,,2670 МГц,
"Видеокарта Gigabyte GeForce RTX 4070 12288Mb, Aero OC 12 Gb (GV-N4070AERO OC-12GD) 1xHDMI, 3xDP, Ret",78490,,,12288 МБ,GDDR6X,,интерфейс USB Type-C,,,,8 pin,7680x4320,4,,,,2565 МГц,
Видеокарта Asus DUAL-RTX3060TI-O8G-V2 8GB (90YV0G1J-M0NA00) LHR,50469,,,8192 МБ,GDDR6,256 бит,"выход DisplayPort x 3, выход HDMI x 2",8 нм,PCI Express 4.0,,,7680x4320,,,,14000 МГц,1710 МГц,
Видеокарта PCIE16 RTX3060TI 8GB LHR RTX3060TI GAM ZTRIO 8G LHR MSI,40990,,,8192 МБ,,,,,,,,,,,,,,
Видеокарта Gigabyte Gaming GV-N306TXGAMING OC-8GD,35810,,,8192 МБ,GDDR6X,,,,PCI Express 4.0,,,,,,,,,
Видеокарта Gigabyte PCI-E 4.0 GV-IA310WF2-4GD INTEL Arc A380 WindForce 6144Mb 64 GDDR6 2039/16000 HDMIx1 DPx1 HDCP Ret,13200,,,6144 МБ,GDDR6,64 бит,,,PCI Express 4.0,,,,,,,,,
Видеокарта Palit StormX RTX3060 StormX 8GB,33911,,,8192 МБ,,,выход HDMI,,PCI Express 4.0,,,,,,,,,
"Видеокарта Asus PH-GTX1650-O4GD6-P-V2 /GTX1650,DVI,HDMI,DP,4G,D6",20391,,,4096 МБ,GDDR6,128 бит,"выход DVI, выход HDMI",12 нм,PCI Express 3.0,,6 pin,7680x4320,3,,,1410 МГц,1410 МГц,
Видеокарта GIGABYTE Radeon RX 7900 XT 20G,98730,,,20480 МБ,GDDR6,320 бит,"выход DisplayPort x 2, выход HDMI, интерфейс USB Type-C",,,,8 pin + 8 pin,7680x4320,,,,2400 МГц,2000 МГц,
Видеокарта PCI-E nVidia MSI RTX 3050 Gaming X 8G 8192Mb GDDR6 ( RTX 3050 Gaming X 8G) Ret,31190,,,8192 МБ,GDDR6,,,,,,,7680x4320,,,,,,
Видеокарта NVIDIA GeForce RTX 4070 MSI 12Gb (RTX 4070 GAMING X TRIO 12G),90230,,,12288 МБ,GDDR6X,192 бит,"выход DisplayPort x 3, выход HDMI",5 нм,PCI Express 4.0,,16 pin,7680x4320,4,,,2610 МГц,1920 МГц,
Видеокарта PALIT GeForce RTX 4070 GAMINGPRO 12G,79830,,,12288 МБ,GDDR6X,192 бит,"выход DisplayPort x 3, выход HDMI",,,,16 pin,7680x4320,,,,21000 МГц,1920 МГц,
Видеокарта Inno3D nVidia GeForce RTX 3080 10Gb CMP-90HX MCMP90X3M,65367,,,10240 МБ,GDDR6X,,,,,,,,,,,,,
Видеокарта SINOTEX Ninja Radeon RX 580 8G,14160,,,8192 МБ,GDDR5,256 бит,"выход DVI, выход DisplayPort, выход HDMI",,,,8 pin,,,,,1304 МГц,1167 МГц,
